,WikidataID,authorid_x,SBL,SKBL,wikidata.wikipedia,wikidata.wikidata_id,wikidata.sbl_link,wikidata.skbl_link,wikidata.sol_link,authorid_y,WD_Littbank_SBL_merge_outer
0,Q365923,AchariusE,5503.0,,https://sv.wikipedia.org/wiki/Erik_Acharius,Q365923,5503.0,,,AchariusE,both
1,Q5541979,AckeJAG,5508.0,,https://sv.wikipedia.org/wiki/J.A.G._Acke,Q5541979,5508.0,,,AckeJAG,both
2,Q4933819,AdelborgO,5519.0,OttiliaAdelborg,https://sv.wikipedia.org/wiki/Ottilia_Adelborg,Q4933819,5519.0,OttiliaAdelborg,,AdelborgO,both
3,Q3338577,AdlerbethGJ,5544.0,,https://sv.wikipedia.org/wiki/Gudmund_J%C3%B6ran_Adlerbeth,Q3338577,5544.0,,Gudmund_Jöran_Adlerbeth,AdlerbethGJ,both
4,Q5542883,AdlersparreCA,5562.0,,https://sv.wikipedia.org/wiki/Carl_August_Adlersparre,Q5542883,5562.0,,,AdlersparreCA,both
5,Q918652,AdlersparreG,5563.0,,https://sv.wikipedia.org/wiki/Georg_Adlersparre,Q918652,5563.0,,,AdlersparreG,both
6,Q4346827,AdlersparreS,5564.0,SophieAdlersparre,https://sv.wikipedia.org/wiki/Sophie_Adlersparre,Q4346827,5564.0,SophieAdlersparre,,AdlersparreS,both
7,Q347903,AfzeliusA,5578.0,,https://sv.wikipedia.org/wiki/Adam_Afzelius_(botaniker),Q347903,5578.0,,,AfzeliusA,both
8,Q717133,AfzeliusAA,5581.0,,https://sv.wikipedia.org/wiki/Arvid_August_Afzelius,Q717133,5581.0,,,AfzeliusAA,both
9,Q345654,AgardhCA,5590.0,,https://sv.wikipedia.org/wiki/Carl_Adolph_Agardh,Q345654,5590.0,,,AgardhCA,both
10,Q520594,AgardhJG,5591.0,,https://sv.wikipedia.org/wiki/Jacob_Georg_Agardh,Q520594,5591.0,,,AgardhJG,both
11,Q469339,AgrellA,5599.0,AlfhildAgrell,https://sv.wikipedia.org/wiki/Alfhild_Agrell,Q469339,5599.0,AlfhildAgrell,,AgrellA,both
12,Q10684676,AgrellS,5605.0,,https://sv.wikipedia.org/wiki/Sven_Agrell,Q10684676,5605.0,,,AgrellS,both
13,Q717126,AhnfeltA,5629.0,,https://sv.wikipedia.org/wiki/Arvid_Ahnfelt,Q717126,5629.0,,,AhnfeltA,both
14,Q5544433,AhnfeltO,5634.0,,https://sv.wikipedia.org/wiki/Otto_Ahnfelt,Q5544433,5634.0,,,AhnfeltO,both
15,Q5544437,AhnfeltPG,5631.0,,https://sv.wikipedia.org/wiki/Paul_Gabriel_Ahnfelt,Q5544437,5631.0,,,AhnfeltPG,both
16,Q5545272,AlanderPG,5642.0,,https://sv.wikipedia.org/wiki/Pehr_Gustaf_Alander,Q5545272,5642.0,,,AlanderPG,both
17,Q5545821,AldénGA,5649.0,,https://sv.wikipedia.org/wiki/Gustaf_Ald%C3%A9n,Q5545821,5649.0,,,AldénGA,both
18,Q5547555,AlmquistJA,5703.0,,https://sv.wikipedia.org/wiki/Johan_Axel_Almquist,Q5547555,5703.0,,,AlmquistJA,both
19,Q316381,AlmqvistCJL,5695.0,,https://sv.wikipedia.org/wiki/Carl_Jonas_Love_Almqvist,Q316381,5695.0,,,AlmqvistCJL,both
20,Q4935677,AndersonH,5784.0,HedvigHeddaElisabetAnderson,https://sv.wikipedia.org/wiki/Hedda_Anderson,Q4935677,5784.0,HedvigHeddaElisabetAnderson,,AndersonH,both
21,Q5556276,AnderssonA,5791.0,,https://sv.wikipedia.org/wiki/Aksel_Andersson,Q5556276,5791.0,,,AnderssonA,both
22,Q5553419,AnderssonAn,5781.0,,https://sv.wikipedia.org/wiki/Anders_Anderson_(l%C3%A4kare),Q5553419,5781.0,,,AnderssonAn,both
23,Q5554619,AnderssonG,5798.0,,https://sv.wikipedia.org/wiki/Gustaf_Andersson_(skolman),Q5554619,5798.0,,,AnderssonG,both
24,Q1348854,AnderssonNJ,5809.0,,https://sv.wikipedia.org/wiki/Nils_Johan_Andersson,Q1348854,5809.0,,,AnderssonNJ,both
25,Q365594,AnderssonO,5814.0,,https://sv.wikipedia.org/wiki/Oskar_Andersson_(tecknare),Q365594,5814.0,,,AnderssonO,both
26,Q5556719,AndrénV,5828.0,,https://sv.wikipedia.org/wiki/Vicke_Andr%C3%A9n,Q5556719,5828.0,,,AndrénV,both
27,Q462700,AngeredStrandbergH,5834.0,HilmaAngeredStrandberg,https://sv.wikipedia.org/wiki/Hilma_Angered-Strandberg,Q462700,5834.0,HilmaAngeredStrandberg,,AngeredStrandbergH,both
28,Q5557470,AnnerstedtD,18723.0,,https://sv.wikipedia.org/wiki/Daniel_Annerstedt,Q5557470,18723.0,,,AnnerstedtD,both
29,Q5684083,ApelbladJ,18745.0,,https://sv.wikipedia.org/wiki/Jonas_Apelblad,Q5684083,18745.0,,,ApelbladJ,both
30,Q1607896,ArckenholtzJ,18766.0,,https://sv.wikipedia.org/wiki/Johan_Arckenholtz,Q1607896,18766.0,,,ArckenholtzJ,both
31,Q5558934,ArfvidssonN,18794.0,,https://sv.wikipedia.org/wiki/Nils_Arfwidsson,Q5558934,18794.0,,,ArfvidssonN,both
32,Q5558915,ArfwedsonCD,18788.0,,https://sv.wikipedia.org/wiki/Carl_David_Arfwedson,Q5558915,18788.0,,,ArfwedsonCD,both
33,Q543935,ArmfeltGM,18804.0,,https://sv.wikipedia.org/wiki/Gustaf_Mauritz_Armfelt,Q543935,18804.0,,,ArmfeltGM,both
34,Q57351,ArndtEM,18812.0,,https://sv.wikipedia.org/wiki/Ernst_Moritz_Arndt,Q57351,18812.0,,,ArndtEM,both
35,Q5559555,ArnellL,18821.0,,https://sv.wikipedia.org/wiki/Lars_Arnell_den_yngre,Q5559555,18821.0,,Lars_Arnell,ArnellL,both
36,Q192618,ArnoldsonKP,18827.0,,https://sv.wikipedia.org/wiki/Klas_Pontus_Arnoldson,Q192618,18827.0,,,ArnoldsonKP,both
37,Q1077973,AroseniusI,18836.0,,https://sv.wikipedia.org/wiki/Ivar_Arosenius,Q1077973,18836.0,,,AroseniusI,both
38,Q16158791,ArosiandrinusAJ,18831.0,,https://sv.wikipedia.org/wiki/Andreas_Johannis_Arosiandrinus,Q16158791,18831.0,,Andreas_Johannis_Arosiandrinus,ArosiandrinusAJ,both
39,Q5560131,ArrheniusJ,18845.0,,https://sv.wikipedia.org/wiki/Jacob_Arrhenius,Q5560131,18845.0,,,ArrheniusJ,both
40,Q5560452,ArvidiA,5823.0,,https://sv.wikipedia.org/wiki/Andreas_Arvidi,Q5560452,5823.0,,,ArvidiA,both
41,Q362749,ArvidssonAI,18860.0,,https://sv.wikipedia.org/wiki/Adolf_Ivar_Arwidsson,Q362749,18860.0,,,ArvidssonAI,both
42,Q5594681,AschaneusML,18865.0,,https://sv.wikipedia.org/wiki/Martin_Aschaneus,Q5594681,18865.0,,,AschaneusML,both
43,Q4071288,AskelöfJC,18875.0,,https://sv.wikipedia.org/wiki/Johan_Christoffer_Askel%C3%B6f,Q4071288,18875.0,,,AskelöfJC,both
44,Q5561282,AspPO,18884.0,,https://sv.wikipedia.org/wiki/Per_Olof_von_Asp,Q5561282,18884.0,,,AspPO,both
45,Q5561666,AsteropherusMO,18902.0,,https://sv.wikipedia.org/wiki/Magnus_Olai_Asteropherus,Q5561666,18902.0,,,AsteropherusMO,both
46,Q444538,AtterbomPDA,18908.0,,https://sv.wikipedia.org/wiki/Per_Daniel_Amadeus_Atterbom,Q444538,18908.0,,,AtterbomPDA,both
47,Q6150396,AveelenJ,18945.0,,https://sv.wikipedia.org/wiki/Johannes_van_den_Aveelen,Q6150396,18945.0,,,AveelenJ,both
48,Q5562885,AxehielmJ,18946.0,,https://sv.wikipedia.org/wiki/Johan_Axehielm,Q5562885,18946.0,,,AxehielmJ,both
49,Q16159388,AxelsonM,18950.0,,https://sv.wikipedia.org/wiki/Maximilian_Axelson,Q16159388,18950.0,,,AxelsonM,both
50,Q5563610,BackmanA,18964.0,,https://sv.wikipedia.org/wiki/Anders_Backman,Q5563610,18964.0,,,BackmanA,both
51,Q5563626,BackmanCJ,18966.0,,https://sv.wikipedia.org/wiki/Carl_Johan_Backman_(journalist),Q5563626,18966.0,,Carl_Johan_Backman,BackmanCJ,both
52,Q4356553,BadinG,18973.0,,https://sv.wikipedia.org/wiki/Gustav_Badin,Q4356553,18973.0,,,BadinG,both
53,Q5563937,BagerH,18982.0,,https://sv.wikipedia.org/wiki/Haqvin_Bager,Q5563937,18982.0,,,BagerH,both
54,Q1693505,BahrJF,19011.0,,https://sv.wikipedia.org/wiki/Johan_Fredrik_Bahr,Q1693505,19011.0,,,BahrJF,both
55,Q214043,BauerJ,19089.0,,https://sv.wikipedia.org/wiki/John_Bauer,Q214043,19089.0,,,BauerJ,both
56,Q5568454,BeckmanN,18394.0,,https://sv.wikipedia.org/wiki/Natanael_Beckman,Q5568454,18394.0,,,BeckmanN,both
57,Q312498,BellmanCM,18441.0,,https://sv.wikipedia.org/wiki/Carl_Michael_Bellman,Q312498,18441.0,,,BellmanCM,both
58,Q273950,BenedictssonV,18474.0,VictoriaBenedictsson,https://sv.wikipedia.org/wiki/Victoria_Benedictsson,Q273950,18474.0,VictoriaBenedictsson,,BenedictssonV,both
59,Q5570805,BensowO,18499.0,,https://sv.wikipedia.org/wiki/Oscar_Bensow,Q5570805,18499.0,,,BensowO,both
60,Q1340404,BenzeliusEdy,18503.0,,https://sv.wikipedia.org/wiki/Erik_Benzelius_den_yngre,Q1340404,18503.0,,,BenzeliusEdy,both
61,Q5570926,BenzelstiernaG,18507.0,,https://sv.wikipedia.org/wiki/Gustaf_Benzelstierna,Q5570926,18507.0,,,BenzelstiernaG,both
62,Q5570995,BerchA,18514.0,,https://sv.wikipedia.org/wiki/Anders_Berch,Q5570995,18514.0,,,BerchA,both
63,Q656239,BergPG,18554.0,,https://sv.wikipedia.org/wiki/Per_Gustaf_Berg,Q656239,18554.0,,,BergPG,both
64,Q5571370,BergRG,18558.0,,https://sv.wikipedia.org/wiki/Ruben_G:son_Berg,Q5571370,18558.0,,,BergRG,both
65,Q5571427,BergW,18561.0,,https://sv.wikipedia.org/wiki/Wilhelm_Berg,Q5571427,18561.0,,,BergW,both
66,Q5571604,BergenhielmJ,18575.0,,https://sv.wikipedia.org/wiki/Johan_Bergenhielm,Q5571604,18575.0,,,BergenhielmJ,both
67,Q4938400,BergerCCU,18587.0,ChristinaCharlottaUlrikaBerger,https://sv.wikipedia.org/wiki/Charlotta_Berger,Q4938400,18587.0,ChristinaCharlottaUlrikaBerger,,BergerCCU,both
68,Q5571726,BergerH,18588.0,,https://sv.wikipedia.org/wiki/Henning_Berger,Q5571726,18588.0,,,BergerH,both
69,Q1356488,BerghR,18610.0,,https://sv.wikipedia.org/wiki/Richard_Bergh,Q1356488,18610.0,,,BerghR,both
70,Q5572213,BergiusB,18618.0,,https://sv.wikipedia.org/wiki/Bengt_Bergius,Q5572213,18618.0,,,BergiusB,both
71,Q5571945,BergiusN,18622.0,,https://sv.wikipedia.org/wiki/Nicolaus_Bergius,Q5571945,18622.0,,,BergiusN,both
72,Q2612272,BergiusPJ,18625.0,,https://sv.wikipedia.org/wiki/Peter_Jonas_Bergius,Q2612272,18625.0,,,BergiusPJ,both
73,Q5572230,BergklintO,18626.0,,https://sv.wikipedia.org/wiki/Olof_Bergklint,Q5572230,18626.0,,,BergklintO,both
74,Q887342,BergmanB,18633.0,,https://sv.wikipedia.org/wiki/Bo_Bergman,Q887342,18633.0,,,BergmanB,both
75,Q506829,BergmanHj,18642.0,,https://sv.wikipedia.org/wiki/Hjalmar_Bergman,Q506829,18642.0,,,BergmanHj,both
76,Q5572707,BergmanJM,18646.0,,https://sv.wikipedia.org/wiki/Johan_Magnus_Bergman,Q5572707,18646.0,,,BergmanJM,both
77,Q16161931,BergstedtA,18655.0,,https://sv.wikipedia.org/wiki/Anders_Bergstedt,Q16161931,18655.0,,,BergstedtA,both
78,Q5573213,BergstrandPE,18668.0,,https://sv.wikipedia.org/wiki/Per_Emanuel_Bergstrand,Q5573213,18668.0,,,BergstrandPE,both
79,Q5573300,BergströmD,18677.0,,https://sv.wikipedia.org/wiki/David_Bergstr%C3%B6m,Q5573300,18677.0,,,BergströmD,both
80,Q5573538,BergströmO,18686.0,,https://sv.wikipedia.org/wiki/Otto_Bergstr%C3%B6m,Q5573538,18686.0,,,BergströmO,both
81,Q5573553,BergströmR,18688.0,,https://sv.wikipedia.org/wiki/Richard_Bergstr%C3%B6m_(folklorist),Q5573553,18688.0,,,BergströmR,both
82,Q3843379,BeroniusM,18108.0,,https://sv.wikipedia.org/wiki/Magnus_Beronius,Q3843379,18108.0,,,BeroniusM,both
83,Q151911,BerzeliusJJ,18122.0,,https://sv.wikipedia.org/wiki/J%C3%B6ns_Jacob_Berzelius,Q151911,18122.0,,,BerzeliusJJ,both
84,Q4349660,BeskowBvon,18136.0,,https://sv.wikipedia.org/wiki/Bernhard_von_Beskow,Q4349660,18136.0,,,BeskowBvon,both
85,Q1785241,BeskowElisabeth,18131.0,ElisabethBeskow,https://sv.wikipedia.org/wiki/Elisabeth_Beskow,Q1785241,18131.0,ElisabethBeskow,,BeskowElisabeth,both
86,Q5575153,BeyerAnderssonG,18148.0,,https://sv.wikipedia.org/wiki/Gabriel_Beyer,Q5575153,18148.0,,,BeyerAnderssonG,both
87,Q5597308,BibergNF,18153.0,,https://sv.wikipedia.org/wiki/Nils_Fredrik_Biberg,Q5597308,18153.0,,,BibergNF,both
88,Q6216898,BielkeTT,18191.0,,https://sv.wikipedia.org/wiki/Ture_Turesson_(Bielke),Q6216898,18191.0,,,BielkeTT,both
89,Q2070822,BildtC,18207.0,,https://sv.wikipedia.org/wiki/Carl_Bildt_(1850%E2%80%931931),Q2070822,18207.0,,,BildtC,both
90,Q5772085,BirgerNilssonGrip,13204.0,,https://sv.wikipedia.org/wiki/Birger_Nilsson_(Grip),Q5772085,13204.0,,,BirgerNilssonGrip,both
91,Q204996,Birgitta,18245.0,BirgittaBirgersdotter,https://sv.wikipedia.org/wiki/Heliga_Birgitta,Q204996,18245.0,BirgittaBirgersdotter,,Birgitta,both
92,Q5578306,BiörnerEJ,18253.0,,https://sv.wikipedia.org/wiki/Eric_Julius_Bi%C3%B6rner,Q5578306,18253.0,,,BiörnerEJ,both
93,Q5577152,BjerreA,18265.0,,https://sv.wikipedia.org/wiki/Andreas_Bjerre,Q5577152,18265.0,,,BjerreA,both
94,Q5577216,BjuggMJ,18267.0,,https://sv.wikipedia.org/wiki/Mathias_Bjugg,Q5577216,18267.0,,,BjuggMJ,both
95,Q5577295,BjurstenH,18271.0,,https://sv.wikipedia.org/wiki/Anders_Herman_Bjursten,Q5577295,18271.0,,,BjurstenH,both
96,Q5577388,BjörckED,18277.0,,https://sv.wikipedia.org/wiki/Ernst_Bj%C3%B6rck,Q5577388,18277.0,,,BjörckED,both
97,Q5578043,BjörlinG,18311.0,,https://sv.wikipedia.org/wiki/Gustaf_Bj%C3%B6rlin,Q5578043,18311.0,,,BjörlinG,both
98,Q5578219,BjörnDG,18321.0,,https://sv.wikipedia.org/wiki/Didrik_Gabriel_Bj%C3%B6rn,Q5578219,18321.0,,Didric_Gabriel_Björn,BjörnDG,both
99,Q1527703,BjörnståhlJJ,18347.0,,https://sv.wikipedia.org/wiki/Jacob_Jonas_Bj%C3%B6rnst%C3%A5hl,Q1527703,18347.0,,,BjörnståhlJJ,both
100,Q764239,BlancheA,18361.0,,https://sv.wikipedia.org/wiki/August_Blanche,Q764239,18361.0,,,BlancheA,both
101,Q5578762,BlancheT,18362.0,,https://sv.wikipedia.org/wiki/Thore_Blanche,Q5578762,18362.0,,,BlancheT,both
102,Q5579242,BlockMG,18375.0,,https://sv.wikipedia.org/wiki/Magnus_Gabriel_von_Block,Q5579242,18375.0,,,BlockMG,both
103,Q5579332,BlomIR,17797.0,,https://sv.wikipedia.org/wiki/Isac_Reinhold_Blom,Q5579332,17797.0,,,BlomIR,both
104,Q5579466,BlombergH,17804.0,,https://sv.wikipedia.org/wiki/Harry_Blomberg,Q5579466,17804.0,,,BlombergH,both
105,Q3489146,BobergC,17838.0,,https://sv.wikipedia.org/wiki/Carl_Boberg,Q3489146,17838.0,,,BobergC,both
106,Q1396614,BoklundJC,17896.0,,https://sv.wikipedia.org/wiki/Johan_Christoffer_Boklund,Q1396614,17896.0,,,BoklundJC,both
107,Q13422290,BolanderS,17900.0,SophieBolander,https://sv.wikipedia.org/wiki/Sophie_Bolander,Q13422290,17900.0,SophieBolander,,BolanderS,both
108,Q5581542,BondeCC,17919.0,,https://sv.wikipedia.org/wiki/Carl_Carlson_Bonde,Q5581542,17919.0,,,BondeCC,both
109,Q5598267,BondeK,17935.0,,https://sv.wikipedia.org/wiki/Christer_Bonde,Q5598267,17935.0,,,BondeK,both
110,Q760975,BondesonA,17947.0,,https://sv.wikipedia.org/wiki/August_Bondeson,Q760975,17947.0,,,BondesonA,both
111,Q5581704,BonggrenJ,17950.0,,https://sv.wikipedia.org/wiki/Jakob_Bonggren,Q5581704,17950.0,,,BonggrenJ,both
112,Q4940074,BoreliusH,17972.0,HilmaBorelius,https://sv.wikipedia.org/wiki/Hilma_Borelius,Q4940074,17972.0,HilmaBorelius,,BoreliusH,both
113,Q16503942,BorgströmFL,17988.0,,https://sv.wikipedia.org/wiki/Ferdinand_Ludvig_Borgstr%C3%B6m,Q16503942,17988.0,,,BorgströmFL,both
114,Q16503943,BorgströmL,17990.0,,https://sv.wikipedia.org/wiki/Ludvig_Borgstr%C3%B6m,Q16503943,17990.0,,Ludvig_Borgström,BorgströmL,both
115,Q5582776,BornemanGHvon,17993.0,,https://sv.wikipedia.org/wiki/Georg_Henrik_von_Borneman,Q5582776,17993.0,,,BornemanGHvon,both
116,Q821990,BoströmCJ,17999.0,,https://sv.wikipedia.org/wiki/Christopher_Jacob_Bostr%C3%B6m,Q821990,17999.0,,,BoströmCJ,both
117,Q5583374,BotinA,18005.0,,https://sv.wikipedia.org/wiki/Anders_af_Botin,Q5583374,18005.0,,,BotinA,both
118,Q5884682,BotvidiJ,12102.0,,https://sv.wikipedia.org/wiki/Johannes_Bothvidi,Q5884682,12102.0,,,BotvidiJ,both
119,Q5580892,BoyeF,18026.0,,https://sv.wikipedia.org/wiki/Fredrik_Boije,Q5580892,18026.0,,,BoyeF,both
120,Q5580507,BoëthiusD,17847.0,,https://sv.wikipedia.org/wiki/Daniel_Bo%C3%ABthius,Q5580507,17847.0,,,BoëthiusD,both
121,Q1357329,BrahePäldre,18053.0,,https://sv.wikipedia.org/wiki/Per_Brahe_den_%C3%A4ldre,Q1357329,18053.0,,,BrahePäldre,both
122,Q5584748,BrandelHG,18067.0,,https://sv.wikipedia.org/wiki/Henric_Brandel,Q5584748,18067.0,,,BrandelHG,both
123,Q434056,BrantingA,16866.0,AnnaBranting,https://sv.wikipedia.org/wiki/Anna_Branting,Q434056,16866.0,AnnaBranting,,BrantingA,both
124,Q53620,BrantingH,16868.0,,https://sv.wikipedia.org/wiki/Hjalmar_Branting,Q53620,16868.0,,,BrantingH,both
125,Q4992645,BraskH,16873.0,,https://sv.wikipedia.org/wiki/Hans_Brask,Q4992645,16873.0,,,BraskH,both
126,Q5585137,BraskS,16878.0,,https://sv.wikipedia.org/wiki/Samuel_Petri_Brask,Q5585137,16878.0,,,BraskS,both
127,Q5388510,BrateE,16879.0,,https://sv.wikipedia.org/wiki/Erik_Brate,Q5388510,16879.0,,,BrateE,both
128,Q5585454,BraunWvon,16895.0,,https://sv.wikipedia.org/wiki/Wilhelm_von_Braun,Q5585454,16895.0,,,BraunWvon,both
129,Q13426917,BraunerhjelmA,16903.0,AugustaBraunerhjelm,https://sv.wikipedia.org/wiki/Augusta_Braunerhjelm,Q13426917,16903.0,AugustaBraunerhjelm,,BraunerhjelmA,both
130,Q5585717,BredbergHW,16925.0,,https://sv.wikipedia.org/wiki/Henrik_Wilhelm_Bredberg,Q5585717,16925.0,,,BredbergHW,both
131,Q5585988,BrelinS,16934.0,,https://sv.wikipedia.org/wiki/Salomon_Brelin,Q5585988,16934.0,,,BrelinS,both
132,Q262145,BremerF,16936.0,FredrikaBremer,https://sv.wikipedia.org/wiki/Fredrika_Bremer,Q262145,16936.0,FredrikaBremer,,BremerF,both
133,Q126270,BrennerSE,16945.0,SophiaElisabetBrenner,https://sv.wikipedia.org/wiki/Sophia_Elisabet_Brenner,Q126270,16945.0,SophiaElisabetBrenner,,BrennerSE,both
134,Q714281,BrinkmanCG,16966.0,,https://sv.wikipedia.org/wiki/Carl_Gustaf_von_Brinkman,Q714281,16966.0,,,BrinkmanCG,both
135,Q5586843,BrobergJV,16975.0,,https://sv.wikipedia.org/wiki/Johan_Valentin_Broberg,Q5586843,16975.0,,,BrobergJV,both
136,Q5587022,BrodénJI,16982.0,,https://sv.wikipedia.org/wiki/Ivar_Brod%C3%A9n,Q5587022,16982.0,,,BrodénJI,both
137,Q1396595,BrovalliusJ,17044.0,,https://sv.wikipedia.org/wiki/Johan_Browallius,Q1396595,17044.0,,,BrovalliusJ,both
138,Q5588326,BruniusA,17060.0,,https://sv.wikipedia.org/wiki/August_Brunius,Q5588326,17060.0,,,BruniusA,both
139,Q4992644,BruniusCG,17061.0,,https://sv.wikipedia.org/wiki/Carl_Georg_Brunius,Q4992644,17061.0,,,BruniusCG,both
140,Q723881,BuddeJ,17135.0,,https://sv.wikipedia.org/wiki/J%C3%B6ns_Budde,Q723881,17135.0,,Jöns_Budde,BuddeJ,both
141,Q5590143,BureJ,17157.0,,https://sv.wikipedia.org/wiki/Jonas_Bure,Q5590143,17157.0,,,BureJ,both
142,Q633094,BureusJ,17156.0,,https://sv.wikipedia.org/wiki/Johannes_Bureus,Q633094,17156.0,,,BureusJ,both
143,Q16167530,BurghausenCF,17180.0,,https://sv.wikipedia.org/wiki/Carl_Fredrik_von_Burghausen,Q16167530,17180.0,,,BurghausenCF,both
144,Q17154112,BurmanFA,17189.0,,https://sv.wikipedia.org/wiki/Fale_Abrahamsson_Burman,Q17154112,17189.0,,,BurmanFA,both
145,Q5591181,BygdénL,17203.0,,https://sv.wikipedia.org/wiki/Leonard_Bygd%C3%A9n,Q5591181,17203.0,,,BygdénL,both
146,Q5591639,BäckmanW,16262.0,,https://sv.wikipedia.org/wiki/Wilhelm_B%C3%A4ckman,Q5591639,16262.0,,,BäckmanW,both
147,Q5591671,BäckströmE,16266.0,,https://sv.wikipedia.org/wiki/Edvard_B%C3%A4ckstr%C3%B6m,Q5591671,16266.0,,,BäckströmE,both
148,Q5591755,BäckströmPO,16269.0,,https://sv.wikipedia.org/wiki/Per_Olof_B%C3%A4ckstr%C3%B6m,Q5591755,16269.0,,,BäckströmPO,both
149,Q4941515,Bååth-HolmbergC,13728.0,CeciliaBaathHolmberg,https://sv.wikipedia.org/wiki/Cecilia_B%C3%A5%C3%A5th-Holmberg,Q4941515,13728.0,CeciliaBaathHolmberg,,Bååth-HolmbergC,both
150,Q4711363,BååthAU,16252.0,,https://sv.wikipedia.org/wiki/Albert_Ulrik_B%C3%A5%C3%A5th,Q4711363,16252.0,,,BååthAU,both
151,Q2308805,BörjessonJ,16293.0,,https://sv.wikipedia.org/wiki/Johan_B%C3%B6rjesson,Q2308805,16293.0,,,BörjessonJ,both
152,Q4992736,BöttigerCW,16303.0,,https://sv.wikipedia.org/wiki/Carl_Wilhelm_B%C3%B6ttiger,Q4992736,16303.0,,Carl_Wilhelm_Böttiger,BöttigerCW,both
153,Q5600594,BöttigerJ,16307.0,,https://sv.wikipedia.org/wiki/John_B%C3%B6ttiger,Q5600594,16307.0,,,BöttigerJ,both
154,Q325547,BöökF,16308.0,,https://sv.wikipedia.org/wiki/Fredrik_B%C3%B6%C3%B6k,Q325547,16308.0,,,BöökF,both
155,Q5600626,BöösEK,16309.0,,https://sv.wikipedia.org/wiki/Erik_B%C3%B6%C3%B6s,Q5600626,16309.0,,,BöösEK,both
156,Q5601467,CampaniusJJ,16344.0,,https://sv.wikipedia.org/wiki/Johannes_Campanius,Q5601467,16344.0,,,CampaniusJJ,both
157,Q4941831,CarlbergF,16378.0,FriggaCarlberg,https://sv.wikipedia.org/wiki/Frigga_Carlberg,Q4941831,16378.0,FriggaCarlberg,,CarlbergF,both
158,Q5602592,CarlesonC,16399.0,,https://sv.wikipedia.org/wiki/Carl_Carleson,Q5602592,16399.0,,,CarlesonC,both
159,Q5602602,CarlesonE,16403.0,,https://sv.wikipedia.org/wiki/Edvard_Carleson_(%C3%A4mbetsman),Q5602602,16403.0,,,CarlesonE,both
160,Q5602672,CarlheimGyllenskoldCE,16413.0,,https://sv.wikipedia.org/wiki/Carl_Carlheim-Gyllensk%C3%B6ld_(konstn%C3%A4r),Q5602672,16413.0,,,CarlheimGyllenskoldCE,both
161,Q321521,CarlsonFF,16427.0,,https://sv.wikipedia.org/wiki/Fredrik_Ferdinand_Carlson,Q321521,16427.0,,,CarlsonFF,both
162,Q5603107,CarlssonGottfrid,16448.0,,https://sv.wikipedia.org/wiki/Gottfrid_Carlsson,Q5603107,16448.0,,,CarlssonGottfrid,both
163,Q5602577,CarlénJG,16395.0,,https://sv.wikipedia.org/wiki/Johan_Gabriel_Carl%C3%A9n,Q5602577,16395.0,,,CarlénJG,both
164,Q4941855,CarlénO,16396.0,MariaOctaviaCarlen,https://sv.wikipedia.org/wiki/Octavia_Carl%C3%A9n,Q4941855,16396.0,MariaOctaviaCarlen,,CarlénO,both
165,Q4941859,CarlénR,16393.0,RosaCarlen,https://sv.wikipedia.org/wiki/Rosa_Carl%C3%A9n,Q4941859,16393.0,RosaCarlen,,CarlénR,both
166,Q5604633,CasströmSN,16491.0,,https://sv.wikipedia.org/wiki/Samuel_Niclas_Casstr%C3%B6m,Q5604633,16491.0,,,CasströmSN,both
167,Q5605183,CavallinC,16507.0,,https://sv.wikipedia.org/wiki/Christian_Cavallin,Q5605183,16507.0,,,CavallinC,both
168,Q5605469,CederborgCA,16537.0,,https://sv.wikipedia.org/wiki/Carl_August_Cederborg,Q5605469,16537.0,,,CederborgCA,both
169,Q5605481,CederborghF,16540.0,,https://sv.wikipedia.org/wiki/Fredrik_Cederborgh,Q5605481,16540.0,,,CederborghF,both
170,Q5605489,CederbourgE,16543.0,,https://sv.wikipedia.org/wiki/Eric_Cederbourg,Q5605489,16543.0,,,CederbourgE,both
171,Q4503665,CederhielmJ,14710.0,,https://sv.wikipedia.org/wiki/Josias_Cederhielm,Q4503665,14710.0,,,CederhielmJ,both
172,Q896571,CelsiusO,14763.0,,https://sv.wikipedia.org/wiki/Olof_Celsius_den_yngre,Q896571,14763.0,,,CelsiusO,both
173,Q954771,CelsiusOäldre,14764.0,,https://sv.wikipedia.org/wiki/Olof_Celsius_den_%C3%A4ldre,Q954771,14764.0,,,CelsiusOäldre,both
174,Q5607546,ChesnecopherusJ,14815.0,,https://sv.wikipedia.org/wiki/Johannes_Chesnecopherus,Q5607546,14815.0,,,ChesnecopherusJ,both
175,Q5607753,ChierlinLA,14819.0,,https://sv.wikipedia.org/wiki/Lars_Anders_Chierlin,Q5607753,14819.0,,,ChierlinLA,both
176,Q5607767,ChiewitzE,14822.0,,https://sv.wikipedia.org/wiki/Elis_Chiewitz,Q5607767,14822.0,,,ChiewitzE,both
177,Q5608139,ChoraeusM,14825.0,,https://sv.wikipedia.org/wiki/Michael_Choraeus,Q5608139,14825.0,,,ChoraeusM,both
178,Q5698081,ChristierninPN,14836.0,,https://sv.wikipedia.org/wiki/Per_Niklas_Christiernin,Q5698081,14836.0,,,ChristierninPN,both
179,Q5608546,ChristiernssonH,14840.0,,https://sv.wikipedia.org/wiki/Henrik_Christiernsson,Q5608546,14840.0,,,ChristiernssonH,both
180,Q5608666,ChronanderJP,14846.0,,https://sv.wikipedia.org/wiki/Jacobus_Petri_Chronander,Q5608666,14846.0,,,ChronanderJP,both
181,Q490870,ChydeniusA,14849.0,,https://sv.wikipedia.org/wiki/Anders_Chydenius,Q490870,14849.0,,,ChydeniusA,both
182,Q5608844,ChydeniusK,14850.0,,https://sv.wikipedia.org/wiki/Jakob_Karl_Emil_Chydenius,Q5608844,14850.0,,,ChydeniusK,both
183,Q455194,ClerckCA,14881.0,,https://sv.wikipedia.org/wiki/Carl_Alexander_Clerck,Q455194,14881.0,,,ClerckCA,both
184,Q5610117,CnattingiusAJ,14901.0,,https://sv.wikipedia.org/wiki/Anders_Jacob_Danielsson_Cnattingius,Q5610117,14901.0,,,CnattingiusAJ,both
185,Q535764,CollijnI,14922.0,,https://sv.wikipedia.org/wiki/Isak_Collijn,Q535764,14922.0,,,CollijnI,both
186,Q5610869,CollinAZ,14928.0,,https://sv.wikipedia.org/wiki/August_Zacharias_Collin,Q5610869,14928.0,,,CollinAZ,both
187,Q5610936,CollingLJ,14939.0,,https://sv.wikipedia.org/wiki/Lars_Johan_Colling,Q5610936,14939.0,,,CollingLJ,both
188,Q246312,ColumbusS,14944.0,,https://sv.wikipedia.org/wiki/Samuel_Columbus,Q246312,14944.0,,,ColumbusS,both
189,Q5700157,CoyetGW,15634.0,,https://sv.wikipedia.org/wiki/Gustaf_Wilhelm_Coyet,Q5700157,15634.0,,,CoyetGW,both
190,Q2573497,CoyetWJ,15640.0,,https://sv.wikipedia.org/wiki/Wilhelm_Julius_Coyet,Q2573497,15640.0,,,CoyetWJ,both
191,Q5612990,CramærM,15647.0,,https://sv.wikipedia.org/wiki/Mauritz_Cram%C3%A6r,Q5612990,15647.0,,,CramærM,both
192,Q3269452,CreutzGP,15658.0,,https://sv.wikipedia.org/wiki/Gustaf_Philip_Creutz,Q3269452,15658.0,,,CreutzGP,both
193,Q5613494,CronholmB,15687.0,,https://sv.wikipedia.org/wiki/Bernhard_Cronholm,Q5613494,15687.0,,,CronholmB,both
194,Q5613598,CronstrandB,15707.0,,https://sv.wikipedia.org/wiki/Baltzar_Cronstrand,Q5613598,15707.0,,,CronstrandB,both
195,Q5613778,CrusenstolpeF,15725.0,,https://sv.wikipedia.org/wiki/Johan_Fredrik_Sebastian_Crusenstolpe,Q5613778,15725.0,,,CrusenstolpeF,both
196,Q204801,CrusenstolpeMJ,15727.0,,https://sv.wikipedia.org/wiki/Magnus_Jacob_Crusenstolpe,Q204801,15727.0,,,CrusenstolpeMJ,both
197,Q5614632,CösterF,15762.0,,https://sv.wikipedia.org/wiki/Fredrik_Bernhard_C%C3%B6ster,Q5614632,15762.0,,,CösterF,both
198,Q4944091,DAlbedyhllEC,17211.0,CharlottadAlbedyhll,https://sv.wikipedia.org/wiki/Eleonora_Charlotta_d%27Albedyhll,Q4944091,17211.0,CharlottadAlbedyhll,,DAlbedyhllEC,both
199,Q778729,DaciaP,7203.0,,https://sv.wikipedia.org/wiki/Petrus_de_Dacia,Q778729,7203.0,,,DaciaP,both
200,Q1555433,DahlanderGR,15783.0,,https://sv.wikipedia.org/wiki/Gustaf_Robert_Dahlander,Q1555433,15783.0,,,DahlanderGR,both
201,Q434533,DahlbergE,15793.0,,https://sv.wikipedia.org/wiki/Erik_Dahlbergh,Q434533,15793.0,,,DahlbergE,both
202,Q367965,DahlgrenCF,15803.0,,https://sv.wikipedia.org/wiki/Carl_Fredric_Dahlgren,Q367965,15803.0,,,DahlgrenCF,both
203,Q4992658,DahlgrenFA,15806.0,,https://sv.wikipedia.org/wiki/Fredrik_August_Dahlgren,Q4992658,15806.0,,Fredrik_August_Dahlgren,DahlgrenFA,both
204,Q4944000,DahlgrenL,15813.0,EvaCharlottaCarolinaLottenDahlgren,https://sv.wikipedia.org/wiki/Lotten_Dahlgren,Q4944000,15813.0,EvaCharlottaCarolinaLottenDahlgren,,DahlgrenL,both
205,Q246279,DahlstiernaG,15831.0,,https://sv.wikipedia.org/wiki/Gunno_Dahlstierna,Q246279,15831.0,,,DahlstiernaG,both
206,Q5615777,DahlströmCA,15832.0,,https://sv.wikipedia.org/wiki/Carl_Andreas_Dahlstr%C3%B6m,Q5615777,15832.0,,,DahlströmCA,both
207,Q5615947,DalNH,15837.0,,https://sv.wikipedia.org/wiki/Nils_Hufwedsson_Dal,Q5615947,15837.0,,Nils_Hufwedsson_Dal,DalNH,both
208,Q1373367,DalinOvon,17222.0,,https://sv.wikipedia.org/wiki/Olof_von_Dalin,Q1373367,17222.0,,Olof_von_Dalin,DalinOvon,both
209,Q5616104,DaliusS,17223.0,,https://sv.wikipedia.org/wiki/Sveno_Dalius,Q5616104,17223.0,,,DaliusS,both
210,Q3844486,DalströmK,17232.0,KataDalstrom,https://sv.wikipedia.org/wiki/Kata_Dalstr%C3%B6m,Q3844486,17232.0,KataDalstrom,,DalströmK,both
211,Q18747153,DammJ,17239.0,,https://sv.wikipedia.org/wiki/Janne_Damm,Q18747153,17239.0,,,DammJ,both
212,Q3354600,DanielssonAx,17265.0,,https://sv.wikipedia.org/wiki/Axel_Danielsson,Q3354600,17265.0,,,DanielssonAx,both
213,Q363968,DardelF,17276.0,,https://sv.wikipedia.org/wiki/Fritz_von_Dardel,Q363968,17276.0,,,DardelF,both
214,Q5617156,DarelliI,17282.0,,https://sv.wikipedia.org/wiki/Isak_af_Darelli,Q5617156,17282.0,,,DarelliI,both
215,Q52950,DeGeerL,17356.0,,https://sv.wikipedia.org/wiki/Louis_De_Geer_(1818%E2%80%931896),Q52950,17356.0,,,DeGeerL,both
216,Q920243,DeLaGardieMG,17381.0,,https://sv.wikipedia.org/wiki/Magnus_Gabriel_De_la_Gardie,Q920243,17381.0,,,DeLaGardieMG,both
217,Q5619757,DeleenCE,17435.0,,https://sv.wikipedia.org/wiki/Carl_Erik_Del%C3%A9en,Q5619757,17435.0,,,DeleenCE,both
218,Q9191,DescartesR,16475.0,,https://sv.wikipedia.org/wiki/Ren%C3%A9_Descartes,Q9191,16475.0,,,DescartesR,both
219,Q268259,DietrichsonL,17536.0,,https://sv.wikipedia.org/wiki/Lorentz_Dietrichson,Q268259,17536.0,,,DietrichsonL,both
220,Q5621928,DijkmanP,17540.0,,https://sv.wikipedia.org/wiki/Peter_Dijkman,Q5621928,17540.0,,,DijkmanP,both
221,Q5388557,DjurströmEW,17570.0,,https://sv.wikipedia.org/wiki/Erik_Wilhelm_Djurstr%C3%B6m,Q5388557,17570.0,,Erik_Wilhelm_Djurström,DjurströmEW,both
222,Q4945390,DunckelD,17697.0,MariaDorotheaDunckel,https://sv.wikipedia.org/wiki/Dorothea_Dunckel,Q4945390,17697.0,MariaDorotheaDunckel,Dorothea_Dunckel,DunckelD,both
223,Q5625926,DuseSA,17723.0,,https://sv.wikipedia.org/wiki/Samuel_A._Duse,Q5625926,17723.0,,,DuseSA,both
224,Q1384083,DybeckR,17736.0,,https://sv.wikipedia.org/wiki/Richard_Dybeck,Q1384083,17736.0,,,DybeckR,both
225,Q5626139,DübenA,17739.0,,https://sv.wikipedia.org/wiki/Anders_von_D%C3%BCben_den_yngre,Q5626139,17739.0,,,DübenA,both
226,Q5626700,EbersteinCC,16562.0,,https://sv.wikipedia.org/wiki/Carl_Christian_Eberstein,Q5626700,16562.0,,,EbersteinCC,both
227,Q5626899,EckleffCF,16582.0,,https://sv.wikipedia.org/wiki/Carl_Friedrich_Eckleff,Q5626899,16582.0,,,EckleffCF,both
228,Q330454,EdelcrantzAN,16590.0,,https://sv.wikipedia.org/wiki/Abraham_Niclas_Edelcrantz,Q330454,16590.0,,Abraham_Niclas_Clewberg_Edelcrantz,EdelcrantzAN,both
229,Q4820730,EdgrenHj,16612.0,,https://sv.wikipedia.org/wiki/Hjalmar_Edgren,Q4820730,16612.0,,Hjalmar_Edgren,EdgrenHj,both
230,Q26239743,EenbergJ,16636.0,,https://sv.wikipedia.org/wiki/Johan_Eenberg,Q26239743,16636.0,,,EenbergJ,both
231,Q4945888,EhrenborgPosseB,7371.0,BettyEhrenborgPosse,https://sv.wikipedia.org/wiki/Betty_Ehrenborg,Q4945888,7371.0,BettyEhrenborgPosse,,EhrenborgPosseB,both
232,Q26239752,EhrenmalmA,16687.0,,https://sv.wikipedia.org/wiki/Arvid_Ehrenmalm,Q26239752,16687.0,,,EhrenmalmA,both
233,Q902649,EhrenstrahlDK,16718.0,,https://sv.wikipedia.org/wiki/David_Kl%C3%B6cker_Ehrenstrahl,Q902649,16718.0,,,EhrenstrahlDK,both
234,Q923881,EhrenströmM,16725.0,,https://sv.wikipedia.org/wiki/Marianne_Ehrenstr%C3%B6m,Q923881,16725.0,,,EhrenströmM,both
235,Q1036858,EhrensvärdCA,16733.0,,https://sv.wikipedia.org/wiki/Carl_August_Ehrensv%C3%A4rd_(1745%E2%80%931800),Q1036858,16733.0,,,EhrensvärdCA,both
236,Q5628614,EichhornC,16759.0,,https://sv.wikipedia.org/wiki/Christoffer_Eichhorn,Q5628614,16759.0,,Christopher_Eichhorn,EichhornC,both
237,Q4988385,EkK,16778.0,KarinEk,https://sv.wikipedia.org/wiki/Karin_Ek,Q4988385,16778.0,KarinEk,,EkK,both
238,Q5629513,EkbohrnCM,16790.0,,https://sv.wikipedia.org/wiki/Carl_Magnus_Ekbohrn,Q5629513,16790.0,,,EkbohrnCM,both
239,Q5629584,EkebladJ,16807.0,,https://sv.wikipedia.org/wiki/Johan_Ekeblad,Q5629584,16807.0,,,EkebladJ,both
240,Q24018513,EkebladKJ,16808.0,,https://sv.wikipedia.org/wiki/Karl_Johan_Gustafsson_Ekeblad,Q24018513,16808.0,,,EkebladKJ,both
241,Q5629684,EkelundJ,16819.0,,https://sv.wikipedia.org/wiki/Jacob_Ekelund,Q5629684,16819.0,,Jacob_Ekelund,EkelundJ,both
242,Q5629761,EkendahlDG,16824.0,,https://sv.wikipedia.org/wiki/Daniel_Georg_Ekendahl,Q5629761,16824.0,,,EkendahlDG,both
243,Q5707022,EkholmE,16845.0,,https://sv.wikipedia.org/wiki/Erik_Ekholm,Q5707022,16845.0,,,EkholmE,both
244,Q5707274,EkmarckCE,15892.0,,https://sv.wikipedia.org/wiki/Carl_Erik_Ekmarck,Q5707274,15892.0,,,EkmarckCE,both
245,Q5707282,EkmarckJU,15893.0,,https://sv.wikipedia.org/wiki/Jon_Ulrik_Ekmarck,Q5707282,15893.0,,,EkmarckJU,both
246,Q5707290,EkmarckLA,15894.0,,https://sv.wikipedia.org/wiki/Lars_August_Ekmarck,Q5707290,15894.0,,,EkmarckLA,both
247,Q5854069,EkströmCU,15914.0,,https://sv.wikipedia.org/wiki/Carl_Ulric_Ekstr%C3%B6m,Q5854069,15914.0,,,EkströmCU,both
248,Q5707634,EkströmP,15928.0,,https://sv.wikipedia.org/wiki/Per_Ekstr%C3%B6m,Q5707634,15928.0,,,EkströmP,both
249,Q5708556,ElgströmP,15993.0,,https://sv.wikipedia.org/wiki/Pehr_Elgstr%C3%B6m,Q5708556,15993.0,,,ElgströmP,both
250,Q476144,ElkanS,16006.0,SophieElkan,https://sv.wikipedia.org/wiki/Sophie_Elkan,Q476144,16006.0,SophieElkan,,ElkanS,both
251,Q5709921,ElmbladM,16021.0,,https://sv.wikipedia.org/wiki/Magnus_Elmblad,Q5709921,16021.0,,,ElmbladM,both
252,Q4946539,ElmbladS,16023.0,SigridElmblad,https://sv.wikipedia.org/wiki/Sigrid_Elmblad,Q4946539,16023.0,SigridElmblad,Sigrid_Elmblad,ElmbladS,both
253,Q5710407,ElviusPdy,16047.0,,https://sv.wikipedia.org/wiki/Pehr_Elvius,Q5710407,16047.0,,,ElviusPdy,both
254,Q6000000,EmporagriusEG,16056.0,,https://sv.wikipedia.org/wiki/Erik_Gabrielsson_Emporagrius,Q6000000,16056.0,,,EmporagriusEG,both
255,Q5711133,EnbomPU,16077.0,,https://sv.wikipedia.org/wiki/Per_Ulric_Enbom,Q5711133,16077.0,,,EnbomPU,both
256,Q5711545,EnerothO,16103.0,,https://sv.wikipedia.org/wiki/Olof_Eneroth,Q5711545,16103.0,,,EnerothO,both
257,Q1432333,EneströmG,16112.0,,https://sv.wikipedia.org/wiki/Gustaf_Enestr%C3%B6m,Q1432333,16112.0,,,EneströmG,both
258,Q5711770,EngdahlA,16116.0,,https://sv.wikipedia.org/wiki/Axel_Engdahl,Q5711770,16116.0,,,EngdahlA,both
259,Q5712222,EngeströmJ,16150.0,,https://sv.wikipedia.org/wiki/Johan_Engestr%C3%B6m,Q5712222,16150.0,,,EngeströmJ,both
260,Q2642427,EngströmA,16170.0,,https://sv.wikipedia.org/wiki/Albert_Engstr%C3%B6m,Q2642427,16170.0,,,EngströmA,both
261,Q5713323,EngzellG,16190.0,,https://sv.wikipedia.org/wiki/Gustaf_Engzell,Q5713323,16190.0,,,EngzellG,both
262,Q5713488,EnnesBA,16201.0,,https://sv.wikipedia.org/wiki/Barthold_Anders_Ennes,Q5713488,16201.0,,,EnnesBA,both
263,Q5713806,EnvallssonCM,15314.0,,https://sv.wikipedia.org/wiki/Carl_Envallsson,Q5713806,15314.0,,Carl_Magnus_Envallsson,EnvallssonCM,both
264,Q5715472,EricusNicolai,15387.0,,https://sv.wikipedia.org/wiki/Ericus_Nicolai,Q5715472,15387.0,,,EricusNicolai,both
265,Q24019270,ErikssonA,15434.0,,https://sv.wikipedia.org/wiki/Albert_Eriksson_(f%C3%B6rfattare),Q24019270,15434.0,,Albert_Eriksson,ErikssonA,both
266,Q5716440,ErikssonGustaf,15430.0,,https://sv.wikipedia.org/wiki/Gustaf_Eriksson_(journalist),Q5716440,15430.0,,Gustaf_Eriksson,ErikssonGustaf,both
267,Q23989369,ErixonK,15440.0,,https://sv.wikipedia.org/wiki/Karl_Erixon,Q23989369,15440.0,,,ErixonK,both
268,Q10511031,EssenG,15500.0,,https://sv.wikipedia.org/wiki/Gustaf_Adolf_Fredrik_Wilhelm_von_Essen,Q10511031,15500.0,,,EssenG,both
269,Q3429442,EversE,15569.0,,https://sv.wikipedia.org/wiki/Edvard_Evers,Q3429442,15569.0,,,EversE,both
270,Q5722355,FabriciusJ,15590.0,,https://sv.wikipedia.org/wiki/Jacob_Fabricius,Q5722355,15590.0,,,FabriciusJ,both
271,Q2064881,FahlcrantzCE,14968.0,,https://sv.wikipedia.org/wiki/Christian_Eric_Fahlcrantz,Q2064881,14968.0,,,FahlcrantzCE,both
272,Q4947447,FahlstedtA,14985.0,AmaliaFahlstedt,https://sv.wikipedia.org/wiki/Amalia_Fahlstedt,Q4947447,14985.0,AmaliaFahlstedt,,FahlstedtA,both
273,Q5723284,FahlstedtE,14989.0,,https://sv.wikipedia.org/wiki/Eug%C3%A8ne_Fahlstedt,Q5723284,14989.0,,,FahlstedtE,both
274,Q5723722,FalckA,15014.0,,https://sv.wikipedia.org/wiki/August_Falck,Q5723722,15014.0,,,FalckA,both
275,Q5724432,FalkenbergG,15071.0,,https://sv.wikipedia.org/wiki/Gabriel_Falkenberg_af_Sandemar,Q5724432,15071.0,,,FalkenbergG,both
276,Q5724843,FallströmD,15126.0,,https://sv.wikipedia.org/wiki/Daniel_Fallstr%C3%B6m,Q5724843,15126.0,,,FallströmD,both
277,Q5725105,FantEM,15137.0,,https://sv.wikipedia.org/wiki/Eric_Michael_Fant,Q5725105,15137.0,,,FantEM,both
278,Q5725163,FantJM,15140.0,,https://sv.wikipedia.org/wiki/Johan_Michael_Fant,Q5725163,15140.0,,,FantJM,both
279,Q5726775,FechtPM,15180.0,,https://sv.wikipedia.org/wiki/Petrus_Michaelis_Fecht,Q5726775,15180.0,,,FechtPM,both
280,Q5727063,FehrF,15196.0,,https://sv.wikipedia.org/wiki/Fredrik_Fehr,Q5727063,15196.0,,,FehrF,both
281,Q5727276,FeilitzenU,15226.0,,https://sv.wikipedia.org/wiki/Urban_von_Feilitzen,Q5727276,15226.0,,,FeilitzenU,both
282,Q1453246,FersenAvon,15288.0,,https://sv.wikipedia.org/wiki/Axel_von_Fersen_den_%C3%A4ldre,Q1453246,15288.0,,,FersenAvon,both
283,Q5729433,FeukL,15310.0,,https://sv.wikipedia.org/wiki/Lars_Feuk,Q5729433,15310.0,,,FeukL,both
284,Q5731789,FischerströmJ,14155.0,,https://sv.wikipedia.org/wiki/Johan_Fischerstr%C3%B6m,Q5731789,14155.0,,,FischerströmJ,both
285,Q4948162,FitinghoffL,14167.0,LauraFitinghoff,https://sv.wikipedia.org/wiki/Laura_Fitinghoff,Q4948162,14167.0,LauraFitinghoff,,FitinghoffL,both
286,Q1523366,FjellströmP,14174.0,,https://sv.wikipedia.org/wiki/Pehr_Fjellstr%C3%B6m,Q1523366,14174.0,,,FjellströmP,both
287,Q5732402,FjelnerA,14177.0,,https://sv.wikipedia.org/wiki/Alfred_Fjelner,Q5732402,14177.0,,,FjelnerA,both
288,Q5733074,FlemingCA,14203.0,,https://sv.wikipedia.org/wiki/Claes_Adolph_Fleming,Q5733074,14203.0,,,FlemingCA,both
289,Q5733641,FlintenbergJD,14240.0,,https://sv.wikipedia.org/wiki/Johan_David_Flintenberg,Q5733641,14240.0,,,FlintenbergJD,both
290,Q16649231,FlodinS,14253.0,,https://sv.wikipedia.org/wiki/Sigfrid_Flodin,Q16649231,14253.0,,,FlodinS,both
291,Q450832,FlygareCarlénE,16394.0,EmilieFlygareCarlen,https://sv.wikipedia.org/wiki/Emilie_Flygare-Carl%C3%A9n,Q450832,16394.0,EmilieFlygareCarlen,,FlygareCarlénE,both
292,Q5734962,FogelqvistT,14291.0,,https://sv.wikipedia.org/wiki/Torsten_Fogelqvist,Q5734962,14291.0,,,FogelqvistT,both
293,Q5736527,ForsbergAnders,14335.0,,https://sv.wikipedia.org/wiki/Anders_Forsberg_(tecknare),Q5736527,14335.0,,,ForsbergAnders,both
294,Q349822,ForsiusSA,14361.0,,https://sv.wikipedia.org/wiki/Sigfridus_Aronus_Forsius,Q349822,14361.0,,Sigfridus_Aronus_Forsius,ForsiusSA,both
295,Q5737558,ForssellDC,14371.0,,https://sv.wikipedia.org/wiki/Christian_Forssell,Q5737558,14371.0,,,ForssellDC,both
296,Q2291097,ForssellH,14374.0,,https://sv.wikipedia.org/wiki/Hans_Forssell,Q2291097,14374.0,,,ForssellH,both
297,Q27684,ForsskålP,14380.0,,https://sv.wikipedia.org/wiki/Peter_Forssk%C3%A5l,Q27684,14380.0,,,ForsskålP,both
298,Q5737778,ForsslundKE,14382.0,,https://sv.wikipedia.org/wiki/Karl-Erik_Forsslund,Q5737778,14382.0,,,ForsslundKE,both
299,Q333297,FranzénFM,14425.0,,https://sv.wikipedia.org/wiki/Frans_Michael_Franz%C3%A9n,Q333297,14425.0,,,FranzénFM,both
300,Q4354443,FredenheimCF,14432.0,,https://sv.wikipedia.org/wiki/Carl_Fredrik_Fredenheim,Q4354443,14432.0,,,FredenheimCF,both
301,Q1291339,FredinE,14441.0,,https://sv.wikipedia.org/wiki/Edvard_Fredin,Q1291339,14441.0,,Edvard_Fredin,FredinE,both
302,Q5742660,FremlingM,14451.0,,https://sv.wikipedia.org/wiki/Matthaeus_Fremling,Q5742660,14451.0,,,FremlingM,both
303,Q5742906,FreseJ,14456.0,,https://sv.wikipedia.org/wiki/Jacob_Frese,Q5742906,14456.0,,,FreseJ,both
304,Q15405,FriesE,14482.0,,https://sv.wikipedia.org/wiki/Elias_Fries,Q15405,14482.0,,,FriesE,both
305,Q15410,FriesTM,14488.0,,https://sv.wikipedia.org/wiki/Thore_M._Fries,Q15410,14488.0,,,FriesTM,both
306,Q5744398,FriesenO,14491.0,,https://sv.wikipedia.org/wiki/Otto_von_Friesen_(filolog),Q5744398,14491.0,,,FriesenO,both
307,Q1959091,FryxellA,14527.0,,https://sv.wikipedia.org/wiki/Anders_Fryxell,Q1959091,14527.0,,,FryxellA,both
308,Q366801,FrödingG,14556.0,,https://sv.wikipedia.org/wiki/Gustaf_Fr%C3%B6ding,Q366801,14556.0,,Gustaf_Fröding,FrödingG,both
309,Q5749106,GadeliusB,14626.0,,https://sv.wikipedia.org/wiki/Bror_Gadelius,Q5749106,14626.0,,,GadeliusB,both
310,Q2027592,GadhH,14630.0,,https://sv.wikipedia.org/wiki/Hemming_Gadh,Q2027592,14630.0,,,GadhH,both
311,Q5749387,GagnerusS,14640.0,,https://sv.wikipedia.org/wiki/Samuel_Gagnerus,Q5749387,14640.0,,,GagnerusS,both
312,Q5754283,GeeteR,14692.0,,https://sv.wikipedia.org/wiki/Robert_Geete,Q5754283,14692.0,,,GeeteR,both
313,Q380937,GeijerEG,12976.0,,https://sv.wikipedia.org/wiki/Erik_Gustaf_Geijer,Q380937,12976.0,,Erik_Gustaf_Geijer,GeijerEG,both
314,Q343550,GeijerstamG,12988.0,,https://sv.wikipedia.org/wiki/Gustaf_af_Geijerstam,Q343550,12988.0,,,GeijerstamG,both
315,Q5755165,GellerstedtAT,13001.0,,https://sv.wikipedia.org/wiki/Albert_Theodor_Gellerstedt,Q5755165,13001.0,,,GellerstedtAT,both
316,Q26994719,GeorgiiA,13011.0,,https://sv.wikipedia.org/wiki/August_Georgii,Q26994719,13011.0,,,GeorgiiA,both
317,Q1731248,GerhardK,13025.0,,https://sv.wikipedia.org/wiki/Karl_Gerhard,Q1731248,13025.0,,,GerhardK,both
318,Q4949903,GernandtClaineJ,14862.0,JaneGernandtClaine,https://sv.wikipedia.org/wiki/Jane_Gernandt-Claine,Q4949903,14862.0,JaneGernandtClaine,,GernandtClaineJ,both
319,Q1266230,GezeliusJ,13047.0,,https://sv.wikipedia.org/wiki/Johannes_Gezelius_den_%C3%A4ldre,Q1266230,13047.0,,,GezeliusJ,both
320,Q5759363,GillbergJ,13066.0,,https://sv.wikipedia.org/wiki/Jacob_Gillberg,Q5759363,13066.0,,,GillbergJ,both
321,Q5760312,GirsAL,13074.0,,https://sv.wikipedia.org/wiki/Aegidius_Girs,Q5760312,13074.0,,,GirsAL,both
322,Q5760394,GisslerN,13080.0,,https://sv.wikipedia.org/wiki/Nils_Gissler,Q5760394,13080.0,,,GisslerN,both
323,Q2491666,GjörwellCC,13087.0,,https://sv.wikipedia.org/wiki/Carl_Christoffer_Gj%C3%B6rwell_den_%C3%A4ldre,Q2491666,13087.0,,,GjörwellCC,both
324,Q490686,GrafströmAA,13127.0,,https://sv.wikipedia.org/wiki/Anders_Abraham_Grafstr%C3%B6m,Q490686,13127.0,,,GrafströmAA,both
325,Q5767122,GrafströmF,13130.0,,https://sv.wikipedia.org/wiki/Frithiof_Grafstr%C3%B6m,Q5767122,13130.0,,,GrafströmF,both
326,Q5767987,GranbergPA,13141.0,,https://sv.wikipedia.org/wiki/Per_Adolf_Granberg,Q5767987,13141.0,,,GranbergPA,both
327,Q5768079,GrandelL,13142.0,,https://sv.wikipedia.org/wiki/Lars_Grandel,Q5768079,13142.0,,,GrandelL,both
328,Q5768254,GranerC,13145.0,,https://sv.wikipedia.org/wiki/Cyrus_Gran%C3%A9r,Q5768254,13145.0,,,GranerC,both
329,Q4950818,GravalliusW,13165.0,WilhelminaGravallius,https://sv.wikipedia.org/wiki/Wilhelmina_Gravallius,Q4950818,13165.0,WilhelminaGravallius,,GravalliusW,both
330,Q3640311,GregerssonB,18237.0,,https://sv.wikipedia.org/wiki/Birger_Gregersson,Q3640311,18237.0,,,GregerssonB,both
331,Q5772257,GripenhielmC,13217.0,,https://sv.wikipedia.org/wiki/Carl_Gripenhielm,Q5772257,13217.0,,,GripenhielmC,both
332,Q5773319,GrubbeS,13245.0,,https://sv.wikipedia.org/wiki/Samuel_Grubbe,Q5773319,13245.0,,,GrubbeS,both
333,Q291194,GullbergHj,13291.0,,https://sv.wikipedia.org/wiki/Hjalmar_Gullberg,Q291194,13291.0,,Hjalmar_Gullberg,GullbergHj,both
334,Q5776536,GumæliusGW,13296.0,,https://sv.wikipedia.org/wiki/Wilhelm_Gum%C3%A6lius,Q5776536,13296.0,,,GumæliusGW,both
335,Q5777092,GuntlackJ,13307.0,,https://sv.wikipedia.org/wiki/Jacob_Guntlack,Q5777092,13307.0,,,GuntlackJ,both
336,Q52930,GustafIII,13317.0,,https://sv.wikipedia.org/wiki/Gustav_III,Q52930,13317.0,,,GustafIII,both
337,Q5778040,GustafssonR,13314.0,,https://sv.wikipedia.org/wiki/Richard_Gustafsson,Q5778040,13314.0,,,GustafssonR,both
338,Q52929,GustavIVAdolf,13318.0,,https://sv.wikipedia.org/wiki/Gustav_IV_Adolf,Q52929,13318.0,,,GustavIVAdolf,both
339,Q4358870,GyldenstolpeNP,13343.0,,https://sv.wikipedia.org/wiki/Nils_Philip_Gyldenstolpe,Q4358870,13343.0,,,GyldenstolpeNP,both
340,Q647392,GyllenborgC,13351.0,,https://sv.wikipedia.org/wiki/Carl_Gyllenborg,Q647392,13351.0,,,GyllenborgC,both
341,Q5620980,GyllenborgGF,13354.0,,https://sv.wikipedia.org/wiki/Gustaf_Fredrik_Gyllenborg,Q5620980,13354.0,,,GyllenborgGF,both
342,Q5779289,GyllengranatCA,13361.0,,https://sv.wikipedia.org/wiki/Carl_August_Gyllengranat,Q5779289,13361.0,,,GyllengranatCA,both
343,Q2625691,GyllenhielmCC,13376.0,,https://sv.wikipedia.org/wiki/Carl_Carlsson_Gyllenhielm,Q2625691,13376.0,,,GyllenhielmCC,both
344,Q5715537,GyllenstiernaEEaldre,13397.0,,https://sv.wikipedia.org/wiki/Erik_Eriksson_(Gyllenstierna)_den_%C3%A4ldre,Q5715537,13397.0,,,GyllenstiernaEEaldre,both
345,Q5780149,GödeckePA,13441.0,,https://sv.wikipedia.org/wiki/Peter_August_G%C3%B6decke,Q5780149,13441.0,,,GödeckePA,both
346,Q5780384,GöranssonJ,13450.0,,https://sv.wikipedia.org/wiki/Johan_G%C3%B6ransson,Q5780384,13450.0,,,GöranssonJ,both
347,Q5780694,GötheG,13460.0,,https://sv.wikipedia.org/wiki/Georg_G%C3%B6the,Q5780694,13460.0,,,GötheG,both
348,Q5780769,GötlindJ,13466.0,,https://sv.wikipedia.org/wiki/Johan_G%C3%B6tlind,Q5780769,13466.0,,,GötlindJ,both
349,Q5781565,HadorphJ,13473.0,,https://sv.wikipedia.org/wiki/Johan_Hadorph,Q5781565,13473.0,,,HadorphJ,both
350,Q346056,HagbergCA,13486.0,,https://sv.wikipedia.org/wiki/Carl_August_Hagberg,Q346056,13486.0,,Carl_August_Hagberg,HagbergCA,both
351,Q5782004,HagbergT,13491.0,,https://sv.wikipedia.org/wiki/Theodor_Hagberg,Q5782004,13491.0,,,HagbergT,both
352,Q5782596,HaglundR,13512.0,,https://sv.wikipedia.org/wiki/Robert_Haglund,Q5782596,13512.0,,,HaglundR,both
353,Q5782847,HagströmerJ,13521.0,,https://sv.wikipedia.org/wiki/Johan_Hagstr%C3%B6mer,Q5782847,13521.0,,,HagströmerJ,both
354,Q5785026,HallmanCI,12436.0,,https://sv.wikipedia.org/wiki/Carl_Israel_Hallman,Q5785026,12436.0,,,HallmanCI,both
355,Q5785048,HallmanJG,12440.0,,https://sv.wikipedia.org/wiki/Johan_G%C3%B6staf_G%C3%B6stafsson_Hallman,Q5785048,12440.0,,,HallmanJG,both
356,Q597713,HallströmP,12454.0,,https://sv.wikipedia.org/wiki/Per_Hallstr%C3%B6m,Q597713,12454.0,,Per_Hallström,HallströmP,both
357,Q5785631,HambraeusJ,12471.0,,https://sv.wikipedia.org/wiki/Jonas_Hambraeus,Q5785631,12471.0,,,HambraeusJ,both
358,Q2824703,HamiltonAL,12478.0,,https://sv.wikipedia.org/wiki/Adolf_Ludvig_Hamilton,Q2824703,12478.0,,,HamiltonAL,both
359,Q5786123,HamiltonH,12491.0,,https://sv.wikipedia.org/wiki/Hugo_Hamilton_(1802%E2%80%931871),Q5786123,12491.0,,,HamiltonH,both
360,Q5786177,HamiltonJ,12499.0,,https://sv.wikipedia.org/wiki/Jakob_Hamilton,Q5786177,12499.0,,,HamiltonJ,both
361,Q2484402,HammarsköldL,12550.0,,https://sv.wikipedia.org/wiki/Lorenzo_Hammarsk%C3%B6ld,Q2484402,12550.0,,Lorenzo_Hammarsköld,HammarsköldL,both
362,Q3797403,HanselliP,12585.0,,https://sv.wikipedia.org/wiki/Per_Hanselli,Q3797403,12585.0,,,HanselliP,both
363,Q2017855,HanssonO,12596.0,,https://sv.wikipedia.org/wiki/Ola_Hansson,Q2017855,12596.0,,,HanssonO,both
364,Q1038985,HarlemanC,13968.0,,https://sv.wikipedia.org/wiki/Carl_H%C3%A5rleman,Q1038985,13968.0,,,HarlemanC,both
365,Q5791668,HarteliusTJ,12606.0,,https://sv.wikipedia.org/wiki/Truls_Johan_Hartelius,Q5791668,12606.0,,,HarteliusTJ,both
366,Q720017,HasselquistF,12645.0,,https://sv.wikipedia.org/wiki/Fredrik_Hasselquist,Q720017,12645.0,,,HasselquistF,both
367,Q5792866,HasselrotM,12653.0,,https://sv.wikipedia.org/wiki/Mathias_Hasselrot,Q5792866,12653.0,,,HasselrotM,both
368,Q5792884,HasselskogN,12655.0,,https://sv.wikipedia.org/wiki/Nils_Hasselskog,Q5792884,12655.0,,,HasselskogN,both
369,Q549109,HazeliusA,12664.0,,https://sv.wikipedia.org/wiki/Artur_Hazelius,Q549109,12664.0,,,HazeliusA,both
370,Q3567227,HebbeW,12676.0,WendelaHebbe,https://sv.wikipedia.org/wiki/Wendela_Hebbe,Q3567227,12676.0,WendelaHebbe,Wendela_Hebbe,HebbeW,both
371,Q1445442,HedbergF,12687.0,,https://sv.wikipedia.org/wiki/Frans_Hedberg,Q1445442,12687.0,,Frans_Hedberg,HedbergF,both
372,Q2756080,HedbergT,12695.0,,https://sv.wikipedia.org/wiki/Tor_Hedberg,Q2756080,12695.0,,Tor_Hedberg,HedbergT,both
373,Q5795366,HedbornS,12697.0,,https://sv.wikipedia.org/wiki/Samuel_Johan_Hedborn,Q5795366,12697.0,,,HedbornS,both
374,Q4722812,HedenstiernaA,12717.0,,https://sv.wikipedia.org/wiki/Alfred_Hedenstierna,Q4722812,12717.0,,,HedenstiernaA,both
375,Q5796003,HedlundBB,12740.0,,https://sv.wikipedia.org/wiki/Bertil_Bull_Hedlund,Q5796003,12740.0,,,HedlundBB,both
376,Q5796046,HedlundH,12742.0,,https://sv.wikipedia.org/wiki/Henrik_Hedlund,Q5796046,12742.0,,,HedlundH,both
377,Q5796181,HedlundSA,12744.0,,https://sv.wikipedia.org/wiki/Sven_Adolf_Hedlund,Q5796181,12744.0,,,HedlundSA,both
378,Q236208,HedvigElisabetCharlotta,14794.0,HedvigElisabetCharlottadrottning,https://sv.wikipedia.org/wiki/Hedvig_Elisabet_Charlotta_av_Holstein-Gottorp,Q236208,14794.0,HedvigElisabetCharlottadrottning,,HedvigElisabetCharlotta,both
379,Q129173,HeidenstamV,12779.0,,https://sv.wikipedia.org/wiki/Verner_von_Heidenstam,Q129173,12779.0,,,HeidenstamV,both
380,Q5798355,HelandM,12805.0,,https://sv.wikipedia.org/wiki/M%C3%A5rten_Heland,Q5798355,12805.0,,,HelandM,both
381,Q5798857,HellbergJC,12811.0,,https://sv.wikipedia.org/wiki/Johan_Carl_Hellberg,Q5798857,12811.0,,,HellbergJC,both
382,Q63596,HellqvistCG,12831.0,,https://sv.wikipedia.org/wiki/Carl_Gustaf_Hellqvist,Q63596,12831.0,,,HellqvistCG,both
383,Q5799669,HellströmG,12840.0,,https://sv.wikipedia.org/wiki/Gustaf_Hellstr%C3%B6m,Q5799669,12840.0,,,HellströmG,both
384,Q69439,HelvigA,12852.0,AmaliavonHelvig,https://sv.wikipedia.org/wiki/Amalia_von_Helvig,Q69439,12852.0,AmaliavonHelvig,,HelvigA,both
385,Q18242515,HerkepæusAG,12894.0,,https://sv.wikipedia.org/wiki/Anders_Gottlieb_Herkep%C3%A6us,Q18242515,12894.0,,,HerkepæusAG,both
386,Q5802535,HermanssonMvon,12913.0,,https://sv.wikipedia.org/wiki/Matthias_von_Hermansson,Q5802535,12913.0,,,HermanssonMvon,both
387,Q1351341,HermelinE,12916.0,,https://sv.wikipedia.org/wiki/Eric_Hermelin,Q1351341,12916.0,,,HermelinE,both
388,Q432895,HermelinO,12918.0,,https://sv.wikipedia.org/wiki/Olof_Hermelin_(%C3%A4mbetsman),Q432895,12918.0,,,HermelinO,both
389,Q5802624,HermelinOyngre,12919.0,,https://sv.wikipedia.org/wiki/Olof_Hermelin_(konstn%C3%A4r),Q5802624,12919.0,,,HermelinOyngre,both
390,Q5803979,HesseliusA,12949.0,,https://sv.wikipedia.org/wiki/Andreas_Hesselius,Q5803979,12949.0,,,HesseliusA,both
391,Q5804013,HesselmanB,12954.0,,https://sv.wikipedia.org/wiki/Bengt_Hesselman,Q5804013,12954.0,,,HesselmanB,both
392,Q4353611,HiertaLJ,13575.0,,https://sv.wikipedia.org/wiki/Lars_Johan_Hierta,Q4353611,13575.0,,,HiertaLJ,both
393,Q4162615,HildebrandE,13583.0,,https://sv.wikipedia.org/wiki/Emil_Hildebrand,Q4162615,13583.0,,,HildebrandE,both
394,Q5806054,HillgrenB,13601.0,,https://sv.wikipedia.org/wiki/Bror_Hillgren,Q5806054,13601.0,,,HillgrenB,both
395,Q246091,HiärneU,13625.0,,https://sv.wikipedia.org/wiki/Urban_Hj%C3%A4rne,Q246091,13625.0,,,HiärneU,both
396,Q31685249,HjelmPG,13631.0,,https://sv.wikipedia.org/wiki/Pehr_Gustaf_Hjelm,Q31685249,13631.0,,,HjelmPG,both
397,Q5807443,HjelmqvistT,13638.0,,https://sv.wikipedia.org/wiki/Theodor_Hjelmqvist,Q5807443,13638.0,,,HjelmqvistT,both
398,Q5807738,HjortbergGF,13647.0,,https://sv.wikipedia.org/wiki/Gustaf_Fredrik_Hjortberg,Q5807738,13647.0,,,HjortbergGF,both
399,Q5807870,HjortzbergO,13663.0,,https://sv.wikipedia.org/wiki/Olle_Hjortzberg,Q5807870,13663.0,,,HjortzbergO,both
400,Q5807996,HjärneR,13669.0,,https://sv.wikipedia.org/wiki/Rudolf_Hj%C3%A4rne,Q5807996,13669.0,,,HjärneR,both
401,Q5808441,HodellF,13680.0,,https://sv.wikipedia.org/wiki/Frans_Hodell,Q5808441,13680.0,,Frans_Hodell,HodellF,both
402,Q5808708,HofS,13681.0,,https://sv.wikipedia.org/wiki/Sven_Hof,Q5808708,13681.0,,,HofS,both
403,Q5808735,HofbergH,13682.0,,https://sv.wikipedia.org/wiki/Herman_Hofberg,Q5808735,13682.0,,,HofbergH,both
404,Q5810757,HolmbergAE,13725.0,,https://sv.wikipedia.org/wiki/Axel_Emanuel_Holmberg,Q5810757,13725.0,,,HolmbergAE,both
405,Q5811091,HolmbergsonJ,13734.0,,https://sv.wikipedia.org/wiki/Johan_Holmbergsson,Q5811091,13734.0,,,HolmbergsonJ,both
406,Q4820735,HolmgrenAE,13744.0,,https://sv.wikipedia.org/wiki/August_Holmgren,Q4820735,13744.0,,,HolmgrenAE,both
407,Q4766181,HolmgrenAM,13743.0,AnnMargretHolmgren,https://sv.wikipedia.org/wiki/Ann_Margret_Holmgren,Q4766181,13743.0,AnnMargretHolmgren,,HolmgrenAM,both
408,Q5811415,HolmgrenKAV,13741.0,,https://sv.wikipedia.org/wiki/Albert_Holmgren,Q5811415,13741.0,,,HolmgrenKAV,both
409,Q5812136,HolmströmI,13768.0,,https://sv.wikipedia.org/wiki/Israel_Holmstr%C3%B6m,Q5812136,13768.0,,,HolmströmI,both
410,Q5813259,HoornJ,13794.0,,https://sv.wikipedia.org/wiki/Johan_von_Hoorn,Q5813259,13794.0,,,HoornJ,both
411,Q4693164,HornA,13805.0,AgnetaHorn,https://sv.wikipedia.org/wiki/Agneta_Horn,Q4693164,13805.0,AgnetaHorn,,HornA,both
412,Q3678958,HornCF,13812.0,,https://sv.wikipedia.org/wiki/Clas_Fredrik_Horn_af_%C3%85minne,Q3678958,13812.0,,,HornCF,both
413,Q37008204,HultOW,13862.0,,https://sv.wikipedia.org/wiki/Oscar_Hult,Q37008204,13862.0,,,HultOW,both
414,Q5876803,HultinM,13873.0,,https://sv.wikipedia.org/wiki/M%C3%A5ns_Hultin,Q5876803,13873.0,,,HultinM,both
415,Q5817049,HummerhielmA,13897.0,,https://sv.wikipedia.org/wiki/Alexander_Hummerhielm,Q5817049,13897.0,,,HummerhielmA,both
416,Q5818420,HwasserI,13914.0,,https://sv.wikipedia.org/wiki/Israel_Hwasser,Q5818420,13914.0,,,HwasserI,both
417,Q3120877,HylténCavalliusGO,13941.0,,https://sv.wikipedia.org/wiki/Gunnar_Olof_Hylt%C3%A9n-Cavallius,Q3120877,13941.0,,,HylténCavalliusGO,both
418,Q792205,HägerströmA,13974.0,,https://sv.wikipedia.org/wiki/Axel_H%C3%A4gerstr%C3%B6m,Q792205,13974.0,,,HägerströmA,both
419,Q464573,HæffnerJCF,13474.0,,https://sv.wikipedia.org/wiki/Johann_Christian_Friedrich_Haeffner,Q464573,13474.0,,,HæffnerJCF,both
420,Q5820566,HögbergO,14006.0,,https://sv.wikipedia.org/wiki/Olof_H%C3%B6gberg,Q5820566,14006.0,,,HögbergO,both
421,Q2896104,HöijerB,14024.0,,https://sv.wikipedia.org/wiki/Benjamin_H%C3%B6ijer,Q2896104,14024.0,,,HöijerB,both
422,Q5821043,HöijerJL,14027.0,,https://sv.wikipedia.org/wiki/Johan_Leonard_H%C3%B6ijer,Q5821043,14027.0,,,HöijerJL,both
423,Q491083,HöpkenAJvon,14044.0,,https://sv.wikipedia.org/wiki/Anders_Johan_von_H%C3%B6pken,Q491083,14044.0,,,HöpkenAJvon,both
424,Q5821247,HöpkenCF,14046.0,,https://sv.wikipedia.org/wiki/Carl_Fredrik_von_H%C3%B6pken,Q5821247,14046.0,,,HöpkenCF,both
425,Q351981,HörbergP,14054.0,,https://sv.wikipedia.org/wiki/Pehr_H%C3%B6rberg,Q351981,14054.0,,,HörbergP,both
426,Q5818751,HülphersAA,13933.0,,https://sv.wikipedia.org/wiki/Abraham_H%C3%BClphers_den_yngre,Q5818751,13933.0,,,HülphersAA,both
427,Q719983,IhreJ,14084.0,,https://sv.wikipedia.org/wiki/Johan_Ihre,Q719983,14084.0,,,IhreJ,both
428,Q5823171,IngelgrenG,11955.0,,https://sv.wikipedia.org/wiki/Georg_Ingelgren,Q5823171,11955.0,,,IngelgrenG,both
429,Q5823432,IngmanManderfeltC,11966.0,,https://sv.wikipedia.org/wiki/Carl_Johan_Ingman,Q5823432,11966.0,,,IngmanManderfeltC,both
430,Q5824477,IsbergA,11983.0,,https://sv.wikipedia.org/wiki/Anders_Ulrik_Isberg_den_yngre,Q5824477,11983.0,,,IsbergA,both
431,Q5826549,JacobssonJT,12017.0,,https://sv.wikipedia.org/wiki/Jacob_Thimoteus_Jacobsson,Q5826549,12017.0,,,JacobssonJT,both
432,Q5828364,JansonG,12040.0,,https://sv.wikipedia.org/wiki/Gustaf_Janson,Q5828364,12040.0,,,JansonG,both
433,Q52944,JohanIII,12099.0,,https://sv.wikipedia.org/wiki/Johan_III,Q52944,12099.0,,,JohanIII,both
434,Q6000244,JohanMånsson,12108.0,,https://sv.wikipedia.org/wiki/Johan_M%C3%A5nsson,Q6000244,12108.0,,,JohanMånsson,both
435,Q550662,JohannesMagnus,12115.0,,https://sv.wikipedia.org/wiki/Johannes_Magnus,Q550662,12115.0,,,JohannesMagnus,both
436,Q4956862,JohansonK,12123.0,KlaraJohanson,https://sv.wikipedia.org/wiki/Klara_Johanson,Q4956862,12123.0,KlaraJohanson,Klara_Johanson,JohansonK,both
437,Q33043935,JohanssénC,12125.0,,https://sv.wikipedia.org/wiki/Christian_Johans%C3%A9n,Q33043935,12125.0,,,JohanssénC,both
438,Q5889464,JohnssonH,12178.0,,https://sv.wikipedia.org/wiki/Harald_Johnsson_(f%C3%B6rfattare),Q5889464,12178.0,,Harald_Johnsson,JohnssonH,both
439,Q918585,JolinJ,12183.0,,https://sv.wikipedia.org/wiki/Johan_Jolin,Q918585,12183.0,,,JolinJ,both
440,Q5890248,JonasonA,12193.0,,https://sv.wikipedia.org/wiki/Aron_Jonason,Q5890248,12193.0,,,JonasonA,both
441,Q887411,JonssonGripB,17833.0,,https://sv.wikipedia.org/wiki/Bo_Jonsson_(Grip),Q887411,17833.0,,,JonssonGripB,both
442,Q2429141,JonssonT,12204.0,,https://sv.wikipedia.org/wiki/Thorsten_Jonsson,Q2429141,12204.0,,Thorsten_Jonsson,JonssonT,both
443,Q709853,JosephsonE,12215.0,,https://sv.wikipedia.org/wiki/Ernst_Josephson,Q709853,12215.0,,,JosephsonE,both
444,Q709853,JosephsonE,12215.0,,https://sv.wikipedia.org/wiki/Ernst_Josephson,Q709853,12215.0,,,JosephsonJA,both
445,Q1677426,JosephsonJA,12217.0,,,,,,,,left_only
446,Q4205904,JosephsonL,12219.0,,https://sv.wikipedia.org/wiki/Ludvig_Josephson_(1832%E2%80%931899),Q4205904,12219.0,,,JosephsonL,both
447,Q5894398,JungnerH,12249.0,,https://sv.wikipedia.org/wiki/Hugo_Jungner,Q5894398,12249.0,,,JungnerH,both
448,Q5895265,JändelR,12281.0,,https://sv.wikipedia.org/wiki/Ragnar_J%C3%A4ndel,Q5895265,12281.0,,,JändelR,both
449,Q1960724,JärtaH,12286.0,,https://sv.wikipedia.org/wiki/Hans_J%C3%A4rta,Q1960724,12286.0,,,JärtaH,both
450,Q5896385,JörlinE,12297.0,,https://sv.wikipedia.org/wiki/Engelbert_J%C3%B6rlin,Q5896385,12297.0,,,JörlinE,both
451,Q719204,KalmP,12334.0,,https://sv.wikipedia.org/wiki/Pehr_Kalm,Q719204,12334.0,,,KalmP,both
452,Q5898294,KalmeterH,12312.0,,https://sv.wikipedia.org/wiki/Henric_Kalmeter,Q5898294,12312.0,,,KalmeterH,both
453,Q52939,KarlIX,12354.0,,https://sv.wikipedia.org/wiki/Karl_IX,Q52939,12354.0,,,KarlIX,both
454,Q52934,KarlXII,12357.0,,https://sv.wikipedia.org/wiki/Karl_XII,Q52934,12357.0,,,KarlXII,both
455,Q134641,KarlfeldtEA,12376.0,,https://sv.wikipedia.org/wiki/Erik_Axel_Karlfeldt,Q134641,12376.0,,,KarlfeldtEA,both
456,Q5901669,KarlssonKH,12388.0,,https://sv.wikipedia.org/wiki/Karl_Henrik_Karlsson,Q5901669,12388.0,,,KarlssonKH,both
457,Q5904549,KederN,11403.0,,https://sv.wikipedia.org/wiki/Nicolas_Keder,Q5904549,11403.0,,,KederN,both
458,Q543195,KellgrenJH,11416.0,,https://sv.wikipedia.org/wiki/Johan_Henric_Kellgren,Q543195,11416.0,,Johan_Henric_Kellgren,KellgrenJH,both
459,Q1345250,KeniciusP,11434.0,,https://sv.wikipedia.org/wiki/Petrus_Kenicius,Q1345250,11434.0,,,KeniciusP,both
460,Q1388455,KernellPU,11442.0,,https://sv.wikipedia.org/wiki/Per_Ulrik_Kernell,Q1388455,11442.0,,,KernellPU,both
461,Q5907282,KewenterM,11447.0,,https://sv.wikipedia.org/wiki/Matthias_Kewenter,Q5907282,11447.0,,,KewenterM,both
462,Q5907289,KexelO,11448.0,,https://sv.wikipedia.org/wiki/Olof_Kex%C3%A9l,Q5907289,11448.0,,,KexelO,both
463,Q238443,KeyE,11453.0,EllenKey,https://sv.wikipedia.org/wiki/Ellen_Key,Q238443,11453.0,EllenKey,,KeyE,both
464,Q5907317,KeyEm,11454.0,,https://sv.wikipedia.org/wiki/Emil_Key,Q5907317,11454.0,,,KeyEm,both
465,Q5908406,Kiellman-GöransonJA,11469.0,,https://sv.wikipedia.org/wiki/Julius_Axel_Kiellman-G%C3%B6ranson,Q5908406,11469.0,,,Kiellman-GöransonJA,both
466,Q5911782,KiöpingNM,11508.0,,https://sv.wikipedia.org/wiki/Nils_Matsson_Ki%C3%B6ping,Q5911782,11508.0,,,KiöpingNM,both
467,Q5911977,KjellbergI,11529.0,,https://sv.wikipedia.org/wiki/Isidor_Kjellberg,Q5911977,11529.0,,,KjellbergI,both
468,Q6143413,KjellgrenJ,11541.0,,https://sv.wikipedia.org/wiki/Josef_Kjellgren,Q6143413,11541.0,,,KjellgrenJ,both
469,Q4959075,KlemanE,11578.0,EllenKleman,https://sv.wikipedia.org/wiki/Ellen_Kleman,Q4959075,11578.0,EllenKleman,,KlemanE,both
470,Q4223295,KlemmingGE,11582.0,,https://sv.wikipedia.org/wiki/Gustaf_Edvard_Klemming,Q4223295,11582.0,,,KlemmingGE,both
471,Q2041231,KlinckowstromO,11601.0,,https://sv.wikipedia.org/wiki/Otto_Vilhelm_Klinckowstr%C3%B6m,Q2041231,11601.0,,,KlinckowstromO,both
472,Q5913804,KlinckowströmA,11597.0,,https://sv.wikipedia.org/wiki/Axel_Klinckowstr%C3%B6m,Q5913804,11597.0,,,KlinckowströmA,both
473,Q5913839,KlinckowströmRM,11602.0,,https://sv.wikipedia.org/wiki/Rudolf_Klinckowstr%C3%B6m,Q5913839,11602.0,,,KlinckowströmRM,both
474,Q5914510,KlockhoffD,11644.0,,https://sv.wikipedia.org/wiki/Daniel_Klockhoff,Q5914510,11644.0,,,KlockhoffD,both
475,Q3305484,KléenE,11566.0,,https://sv.wikipedia.org/wiki/Emil_Kl%C3%A9en,Q3305484,11566.0,,,KléenE,both
476,Q38240335,KnorringO,11658.0,,https://sv.wikipedia.org/wiki/Oscar_von_Knorring,Q38240335,11658.0,,,KnorringO,both
477,Q450795,KnorringS,11659.0,SophievonKnorring,https://sv.wikipedia.org/wiki/Sophie_von_Knorring,Q450795,11659.0,SophievonKnorring,,KnorringS,both
478,Q5916189,KnösG,11674.0,,https://sv.wikipedia.org/wiki/Gustaf_Kn%C3%B6s,Q5916189,11674.0,,,KnösG,both
479,Q4225027,KnösO,11675.0,,https://sv.wikipedia.org/wiki/Olof_Andersson_Kn%C3%B6s,Q4225027,11675.0,,,KnösO,both
480,Q4959294,KnösT,11676.0,TheklaKnos,https://sv.wikipedia.org/wiki/Thekla_Kn%C3%B6s,Q4959294,11676.0,TheklaKnos,Thekla_Knös,KnösT,both
481,Q4580961,KochM,11684.0,,https://sv.wikipedia.org/wiki/Martin_Koch,Q4580961,11684.0,,,KochM,both
482,Q5916344,KochenJH,11691.0,,https://sv.wikipedia.org/wiki/Johan_Henrik_von_Kochen,Q5916344,11691.0,,,KochenJH,both
483,Q1674617,KolmodinI,11714.0,,https://sv.wikipedia.org/wiki/Israel_Kolmodin,Q1674617,11714.0,,,KolmodinI,both
484,Q3428167,KolmodinO,11716.0,,https://sv.wikipedia.org/wiki/Olof_Kolmodin_den_%C3%A4ldre,Q3428167,11716.0,,,KolmodinO,both
485,Q5920189,KoskullA,11729.0,,https://sv.wikipedia.org/wiki/Anders_Koskull,Q5920189,11729.0,,,KoskullA,both
486,Q4239802,KrassowED,11752.0,,https://sv.wikipedia.org/wiki/Ernst_Detlof_von_Krassow,Q4239802,11752.0,,,KrassowED,both
487,Q52937,Kristina,11773.0,Kristinadrottning,https://sv.wikipedia.org/wiki/Drottning_Kristina,Q52937,11773.0,Kristinadrottning,,Kristina,both
488,Q239386,KrusenstjernaA,11824.0,AgnesvonKrusenstjerna,https://sv.wikipedia.org/wiki/Agnes_von_Krusenstjerna,Q239386,11824.0,AgnesvonKrusenstjerna,,KrusenstjernaA,both
489,Q5925056,KræmerARvon,11741.0,,https://sv.wikipedia.org/wiki/Robert_von_Kr%C3%A6mer,Q5925056,11741.0,,,KræmerARvon,both
490,Q4959699,KræmerL,11739.0,LottenvonKrmer,https://sv.wikipedia.org/wiki/Lotten_von_Kr%C3%A6mer,Q4959699,11739.0,LottenvonKrmer,,KræmerL,both
491,Q4959702,KræmerV,11742.0,VeravonKrmer,https://sv.wikipedia.org/wiki/Vera_von_Kr%C3%A6mer,Q4959702,11742.0,VeravonKrmer,Vera_von_Kræmer,KræmerV,both
492,Q5040252,KröningssvärdCG,11838.0,,https://sv.wikipedia.org/wiki/Carl_Gustaf_Kr%C3%B6ningssv%C3%A4rd,Q5040252,11838.0,,,KröningssvärdCG,both
493,Q5925854,KullbergKA,11852.0,,https://sv.wikipedia.org/wiki/Karl_af_Kullberg,Q5925854,11852.0,,,KullbergKA,both
494,Q4960199,KuylenstiernaE,11889.0,ElisabethKuylenstiernaWenster,https://sv.wikipedia.org/wiki/Elisabeth_Kuylenstierna-Wenster,Q4960199,11889.0,ElisabethKuylenstiernaWenster,Elisabeth_Kuylenstierna-Wenster,KuylenstiernaE,both
495,Q5928516,KämpeA,11923.0,,https://sv.wikipedia.org/wiki/Alfred_K%C3%A4mpe,Q5928516,11923.0,,,KämpeA,both
496,Q440427,KönigsmarckA,10801.0,AuroravonKonigsmarck,https://sv.wikipedia.org/wiki/Aurora_K%C3%B6nigsmarck,Q440427,10801.0,AuroravonKonigsmarck,,KönigsmarckA,both
497,Q14325351,LagergrenC,10887.0,,https://sv.wikipedia.org/wiki/Claes_Lagergren,Q14325351,10887.0,,,LagergrenC,both
498,Q6146326,LagerlöfErland,10916.0,,https://sv.wikipedia.org/wiki/Erland_Lagerl%C3%B6f_(%C3%B6vers%C3%A4ttare),Q6146326,10916.0,,Erland_Lagerlöf,LagerlöfErland,both
499,Q5931428,LagerlöfP,10921.0,,https://sv.wikipedia.org/wiki/Petrus_Lagerl%C3%B6f,Q5931428,10921.0,,,LagerlöfP,both
500,Q44519,LagerlöfS,10922.0,SelmaLagerlof,https://sv.wikipedia.org/wiki/Selma_Lagerl%C3%B6f,Q44519,10922.0,SelmaLagerlof,,LagerlöfS,both
501,Q1884586,LagerströmM,10938.0,,https://sv.wikipedia.org/wiki/Magnus_Lagerstr%C3%B6m,Q1884586,10938.0,,Magnus_Lagerström,LagerströmM,both
502,Q2377709,LammM,10963.0,,https://sv.wikipedia.org/wiki/Martin_Lamm_(litteraturvetare),Q2377709,10963.0,,,LammM,both
503,Q5933728,LandgrenL,10983.0,,https://sv.wikipedia.org/wiki/Lars_Landgren,Q5933728,10983.0,,,LandgrenL,both
504,Q3077704,LandquistJ,10986.0,,https://sv.wikipedia.org/wiki/John_Landquist,Q3077704,10986.0,,John_Landquist,LandquistJ,both
505,Q5935312,LannerstjernaJM,11013.0,,https://sv.wikipedia.org/wiki/Johan_Magnus_Lannerstierna,Q5935312,11013.0,,,LannerstjernaJM,both
506,Q187310,LarssonC,11035.0,,https://sv.wikipedia.org/wiki/Carl_Larsson,Q187310,11035.0,,,LarssonC,both
507,Q4355881,LarssonH,11040.0,,https://sv.wikipedia.org/wiki/Hans_Larsson_(filosof),Q4355881,11040.0,,,LarssonH,both
508,Q3889769,LarssonLeon,11046.0,,https://sv.wikipedia.org/wiki/Leon_Larson,Q3889769,11046.0,,,LarssonLeon,both
509,Q5940195,LaureliusO,11062.0,,https://sv.wikipedia.org/wiki/Olaus_Laurelius,Q5940195,11062.0,,,LaureliusO,both
510,Q3827926,LaurentiusPaulinusGothus,11079.0,,https://sv.wikipedia.org/wiki/Laurentius_Paulinus_Gothus,Q3827926,11079.0,,,LaurentiusPaulinusGothus,both
511,Q935691,LaurentiusPetriGothus,11081.0,,https://sv.wikipedia.org/wiki/Laurentius_Petri_Gothus,Q935691,11081.0,,,LaurentiusPetriGothus,both
512,Q243068,LefflerAC,11121.0,AnneCharlotteLeffler,https://sv.wikipedia.org/wiki/Anne_Charlotte_Leffler,Q243068,11121.0,AnneCharlotteLeffler,,LefflerAC,both
513,Q5944497,LehnbergM,11138.0,,https://sv.wikipedia.org/wiki/Magnus_Lehnberg,Q5944497,11138.0,,,LehnbergM,both
514,Q5944991,LeijoncronaC,11151.0,,https://sv.wikipedia.org/wiki/Christoffer_Leijoncrona,Q5944991,11151.0,,,LeijoncronaC,both
515,Q5563907,LeijonhufvudAG,11160.0,,https://sv.wikipedia.org/wiki/Axel_Gabriel_Leijonhufvud,Q5563907,11160.0,,,LeijonhufvudAG,both
516,Q10546743,LenaeusKN,11219.0,,https://sv.wikipedia.org/wiki/Knut_Lenaeus,Q10546743,11219.0,,,LenaeusKN,both
517,Q459663,LenngrenAM,11226.0,AnnaMariaLenngren,https://sv.wikipedia.org/wiki/Anna_Maria_Lenngren,Q459663,11226.0,AnnaMariaLenngren,Anna_Maria_Lenngren,LenngrenAM,both
518,Q984681,LeopoldCG,11236.0,,https://sv.wikipedia.org/wiki/Carl_Gustaf_af_Leopold,Q984681,11236.0,,Gustaf_af_Leopold,LeopoldCG,both
519,Q668328,LevertinO,11294.0,,https://sv.wikipedia.org/wiki/Oscar_Levertin,Q668328,11294.0,,,LevertinO,both
520,Q350301,LewenhauptA,11267.0,,https://sv.wikipedia.org/wiki/Adam_Lewenhaupt,Q350301,11267.0,,,LewenhauptA,both
521,Q350346,LewenhauptAL,11268.0,,https://sv.wikipedia.org/wiki/Adam_Ludwig_Lewenhaupt,Q350346,11268.0,,,LewenhauptAL,both
522,Q10413823,LewenhauptE,11281.0,,https://sv.wikipedia.org/wiki/Eug%C3%A8ne_Lewenhaupt,Q10413823,11281.0,,,LewenhauptE,both
523,Q4349605,LidforssB,11338.0,,https://sv.wikipedia.org/wiki/Bengt_Lidforss,Q4349605,11338.0,,,LidforssB,both
524,Q637214,LidmanSv,11350.0,,https://sv.wikipedia.org/wiki/Sven_Lidman,Q637214,11350.0,,,LidmanSv,both
525,Q705772,LidnerB,11352.0,,https://sv.wikipedia.org/wiki/Bengt_Lidner,Q705772,11352.0,,,LidnerB,both
526,Q5950279,LidénJH,11334.0,,https://sv.wikipedia.org/wiki/Johan_Hinric_Lid%C3%A9n,Q5950279,11334.0,,,LidénJH,both
527,Q5950802,LiedbeckPJ,11361.0,,https://sv.wikipedia.org/wiki/Per_Jacob_Liedbeck,Q5950802,11361.0,,,LiedbeckPJ,both
528,Q5950849,LiedgrenE,11363.0,,https://sv.wikipedia.org/wiki/Emil_Liedgren,Q5950849,11363.0,,,LiedgrenE,both
529,Q5951131,LignellA,11374.0,,https://sv.wikipedia.org/wiki/Anders_Lignell,Q5951131,11374.0,,,LignellA,both
530,Q5951400,LiliestråleJW,10234.0,,https://sv.wikipedia.org/wiki/Joakim_Vilhelm_Liliestr%C3%A5le,Q5951400,10234.0,,,LiliestråleJW,both
531,Q5951483,LiljaN,11390.0,,https://sv.wikipedia.org/wiki/Nils_Lilja,Q5951483,11390.0,,,LiljaN,both
532,Q730008,LiljeforsB,10244.0,,https://sv.wikipedia.org/wiki/Bruno_Liljefors,Q730008,10244.0,,,LiljeforsB,both
533,Q5951696,LiljegrenJG,10247.0,,https://sv.wikipedia.org/wiki/Johan_Gustaf_Liljegren,Q5951696,10247.0,,,LiljegrenJG,both
534,Q5952069,LilliebladGP,10316.0,,https://sv.wikipedia.org/wiki/Gustaf_Lillieblad,Q5952069,10316.0,,,LilliebladGP,both
535,Q829787,LillienstedtJP,10359.0,,https://sv.wikipedia.org/wiki/Johan_Paulinus_Lillienstedt,Q829787,10359.0,,,LillienstedtJP,both
536,Q16945353,LinckJ,10391.0,,https://sv.wikipedia.org/wiki/Josef_Linck,Q16945353,10391.0,,,LinckJ,both
537,Q5953195,LindahlP,10412.0,,https://sv.wikipedia.org/wiki/Peter_Lindahl,Q5953195,10412.0,,Peter_Lindahl,LindahlP,both
538,Q1401658,LindblomJ,10473.0,,https://sv.wikipedia.org/wiki/Jacob_Axelsson_Lindblom,Q1401658,10473.0,,,LindblomJ,both
539,Q5954735,LindebergA,10487.0,,https://sv.wikipedia.org/wiki/Anders_Lindeberg,Q5954735,10487.0,,Anders_Lindeberg,LindebergA,both
540,Q16595640,LindebergM,10485.0,MariaLindeberg,https://sv.wikipedia.org/wiki/Maria_Lindeberg,Q16595640,10485.0,MariaLindeberg,,LindebergM,both
541,Q5954810,LindebladA,10501.0,,https://sv.wikipedia.org/wiki/Assar_Lindeblad,Q5954810,10501.0,,,LindebladA,both
542,Q4692481,LindegrenA,10502.0,,https://sv.wikipedia.org/wiki/Agi_Lindegren,Q4692481,10502.0,,,LindegrenA,both
543,Q16649695,LindegrenC,10504.0,,https://sv.wikipedia.org/wiki/Carl_Lindegren,Q16649695,10504.0,,,LindegrenC,both
544,Q1276321,LindegrenE,10505.0,,https://sv.wikipedia.org/wiki/Erik_Lindegren,Q1276321,10505.0,,Erik_Lindegren,LindegrenE,both
545,Q5955465,LinderN,10524.0,,https://sv.wikipedia.org/wiki/Nils_Linder,Q5955465,10524.0,,,LinderN,both
546,Q5955702,LindestolpeJ,10536.0,,https://sv.wikipedia.org/wiki/Johan_Lindestolpe,Q5955702,10536.0,,,LindestolpeJ,both
547,Q5955778,LindforsO,10543.0,,https://sv.wikipedia.org/wiki/Axel_Otto_Lindfors,Q5955778,10543.0,,,LindforsO,both
548,Q16649706,LindgrenH,10560.0,,https://sv.wikipedia.org/wiki/Hellen_Lindgren,Q16649706,10560.0,,,LindgrenH,both
549,Q5957285,LindormE,10627.0,,https://sv.wikipedia.org/wiki/Erik_Lindorm,Q5957285,10627.0,,,LindormE,both
550,Q5957493,LindqvistG,10637.0,,https://sv.wikipedia.org/wiki/Gustaf_Lindqvist,Q5957493,10637.0,,,LindqvistG,both
551,Q4962906,LindqvistM,10641.0,MartaLindqvist,https://sv.wikipedia.org/wiki/M%C3%A4rta_Lindqvist,Q4962906,10641.0,MartaLindqvist,Märta_Lindqvist,LindqvistM,both
552,Q6149708,LindrothHj,10650.0,,https://sv.wikipedia.org/wiki/Hjalmar_Lindroth_(spr%C3%A5kvetare),Q6149708,10650.0,,,LindrothHj,both
553,Q5957946,LindrothS,10655.0,,https://sv.wikipedia.org/wiki/Sten_Lindroth,Q5957946,10655.0,,,LindrothS,both
554,Q5958010,LindschöldE,10656.0,,https://sv.wikipedia.org/wiki/Erik_Lindsch%C3%B6ld,Q5958010,10656.0,,,LindschöldE,both
555,Q4125260,LindströmG,10695.0,,https://sv.wikipedia.org/wiki/Gustaf_Lindstr%C3%B6m,Q4125260,10695.0,,,LindströmG,both
556,Q708780,LingPH,10716.0,,https://sv.wikipedia.org/wiki/Pehr_Henrik_Ling,Q708780,10716.0,,,LingPH,both
557,Q5959480,LinnerhielmJC,10743.0,,https://sv.wikipedia.org/wiki/Jonas_Carl_Linnerhielm,Q5959480,10743.0,,,LinnerhielmJC,both
558,Q1043,LinnéCvon,10735.0,,https://sv.wikipedia.org/wiki/Carl_von_Linn%C3%A9,Q1043,10735.0,,,LinnéCvon,both
559,Q40387260,LissanderA,10759.0,,https://sv.wikipedia.org/wiki/Anders_Lissander,Q40387260,10759.0,,,LissanderA,both
560,Q11860801,LithouG,10765.0,,https://sv.wikipedia.org/wiki/Gustaf_Lithou,Q11860801,10765.0,,,LithouG,both
561,Q3304999,LivijnC,10774.0,,https://sv.wikipedia.org/wiki/Clas_Livijn,Q3304999,10774.0,,,LivijnC,both
562,Q5621000,LjunggrenG,9587.0,,https://sv.wikipedia.org/wiki/Gustaf_Ljunggren,Q5621000,9587.0,,,LjunggrenG,both
563,Q6150108,LjunggrenKG,9592.0,,https://sv.wikipedia.org/wiki/Karl_Gustav_Ljunggren,Q6150108,9592.0,,,LjunggrenKG,both
564,Q4949843,LjungstedtA,9625.0,AuroraLjungstedt,https://sv.wikipedia.org/wiki/Aurora_Ljungstedt,Q4949843,9625.0,AuroraLjungstedt,,LjungstedtA,both
565,Q5961497,LjungströmCJ,9629.0,,https://sv.wikipedia.org/wiki/Claes_Johan_Ljungstr%C3%B6m,Q5961497,9629.0,,,LjungströmCJ,both
566,Q16843523,LloydL,9634.0,,https://sv.wikipedia.org/wiki/Llewellyn_Lloyd,Q16843523,9634.0,,,LloydL,both
567,Q16649757,LoenbomS,9646.0,,https://sv.wikipedia.org/wiki/Samuel_Loenbom,Q16649757,9646.0,,,LoenbomS,both
568,Q5962508,LohmanCJ,9653.0,,https://sv.wikipedia.org/wiki/Carl_Johan_Lohman,Q5962508,9653.0,,,LohmanCJ,both
569,Q3439851,LowenhjelmG,10119.0,,https://sv.wikipedia.org/wiki/Gustaf_L%C3%B6wenhielm,Q3439851,10119.0,,,LowenhjelmG,both
570,Q246699,LucidorL,12158.0,,https://sv.wikipedia.org/wiki/Lasse_Lucidor,Q246699,12158.0,,,LucidorL,both
571,Q3483735,LundS,9741.0,,https://sv.wikipedia.org/wiki/Sigurd_Harald_Lund,Q3483735,9741.0,,,LundS,both
572,Q5966107,LundbladJ,9773.0,,https://sv.wikipedia.org/wiki/Johan_Lundblad,Q5966107,9773.0,,,LundbladJ,both
573,Q5966119,LundbladJF,9776.0,,https://sv.wikipedia.org/wiki/Johan_Fredrik_af_Lundblad,Q5966119,9776.0,,,LundbladJF,both
574,Q5966284,LundegårdA,9800.0,,https://sv.wikipedia.org/wiki/Axel_Lundeg%C3%A5rd,Q5966284,9800.0,,,LundegårdA,both
575,Q5967011,LundinC,9862.0,,https://sv.wikipedia.org/wiki/Cla%C3%ABs_Lundin,Q5967011,9862.0,,,LundinC,both
576,Q5967339,LundquistB,9874.0,,https://sv.wikipedia.org/wiki/Birger_Lundquist,Q5967339,9874.0,,,LundquistB,both
577,Q5967373,LundquistE,9876.0,,https://sv.wikipedia.org/wiki/Ernst_Lundquist,Q5967373,9876.0,,Ernst_Lundquist,LundquistE,both
578,Q5967672,LundstedtB,9891.0,,https://sv.wikipedia.org/wiki/Bernhard_Lundstedt,Q5967672,9891.0,,,LundstedtB,both
579,Q1610294,LundstromH,9905.0,,https://sv.wikipedia.org/wiki/Herman_Lundstr%C3%B6m,Q1610294,9905.0,,,LundstromH,both
580,Q16649812,LybeckerG,9952.0,,https://sv.wikipedia.org/wiki/Georg_Lybecker_(visdiktare),Q16649812,9952.0,,,LybeckerG,both
581,Q5968926,LysanderAT,9976.0,,https://sv.wikipedia.org/wiki/Albert_Lysander_(filolog),Q5968926,9976.0,,,LysanderAT,both
582,Q5969151,LäfflerF,11126.0,,https://sv.wikipedia.org/wiki/Frits_L%C3%A4ffler,Q5969151,11126.0,,,LäfflerF,both
583,Q4354436,LæstadiusP,10825.0,,https://sv.wikipedia.org/wiki/Petrus_L%C3%A6stadius,Q4354436,10825.0,,,LæstadiusP,both
584,Q5360742,LöfgrenE,10040.0,,https://sv.wikipedia.org/wiki/Eliel_L%C3%B6fgren,Q5360742,10040.0,,,LöfgrenE,both
585,Q4964675,LöwenhjelmH,10125.0,HarrietLowenhjelm,https://sv.wikipedia.org/wiki/Harriet_L%C3%B6wenhjelm,Q4964675,10125.0,HarrietLowenhjelm,,LöwenhjelmH,both
586,Q4992745,MacleanR,10134.0,,https://sv.wikipedia.org/wiki/Rutger_Macklean,Q4992745,10134.0,,,MacleanR,both
587,Q5971688,MagnellCJ,10141.0,,https://sv.wikipedia.org/wiki/Carl_Jacob_Magnell,Q5971688,10141.0,,,MagnellCJ,both
588,Q4965144,MallingM,10184.0,MathildaMalling,https://sv.wikipedia.org/wiki/Mathilda_Malling,Q4965144,10184.0,MathildaMalling,,MallingM,both
589,Q762949,MalmströmA,8994.0,,https://sv.wikipedia.org/wiki/August_Malmstr%C3%B6m,Q762949,8994.0,,,MalmströmA,both
590,Q5974210,MalmströmBE,8996.0,,https://sv.wikipedia.org/wiki/Bernhard_Elis_Malmstr%C3%B6m,Q5974210,8996.0,,,MalmströmBE,both
591,Q2518893,MalmströmCG,8997.0,,https://sv.wikipedia.org/wiki/Carl_Gustaf_Malmstr%C3%B6m,Q2518893,8997.0,,,MalmströmCG,both
592,Q56164101,MalmströmS,9004.0,,https://sv.wikipedia.org/wiki/Sten_Malmstr%C3%B6m,Q56164101,9004.0,,,MalmströmS,both
593,Q6152281,MarcksGW,9077.0,,https://sv.wikipedia.org/wiki/Gotthard_Wilhelm_Marcks_von_W%C3%BCrtenberg,Q6152281,9077.0,,,MarcksGW,both
594,Q314458,MarderfeltAA,9090.0,,https://sv.wikipedia.org/wiki/Arvid_Axel_Mardefelt,Q314458,9090.0,,,MarderfeltAA,both
595,Q369002,MartinE,9126.0,,https://sv.wikipedia.org/wiki/Elias_Martin,Q369002,9126.0,,,MartinE,both
596,Q132695,MartinsonH,9140.0,,https://sv.wikipedia.org/wiki/Harry_Martinson,Q132695,9140.0,,,MartinsonH,both
597,Q42161972,MartinssonH,9143.0,,https://sv.wikipedia.org/wiki/Herman_Martinsson,Q42161972,9143.0,,,MartinssonH,both
598,Q5770435,MatssonG,10299.0,,https://sv.wikipedia.org/wiki/Gregers_Matsson_(Lillie),Q5770435,10299.0,,,MatssonG,both
599,Q16649933,Matthias,9164.0,,https://sv.wikipedia.org/wiki/Mathias_Ouidi,Q16649933,9164.0,,,Matthias,both
600,Q5983299,MeijerB,9237.0,,https://sv.wikipedia.org/wiki/Bernhard_Meijer_(skriftst%C3%A4llare),Q5983299,9237.0,,,MeijerB,both
601,Q5983833,MelinKA,9264.0,,https://sv.wikipedia.org/wiki/Karl_Alfred_Melin,Q5983833,9264.0,,,MelinKA,both
602,Q4354473,MellinGH,9291.0,,https://sv.wikipedia.org/wiki/Gustaf_Henrik_Mellin,Q4354473,9291.0,,,MellinGH,both
603,Q1168281,MennanderCF,19132.0,,https://sv.wikipedia.org/wiki/Carl_Fredrik_Mennander,Q1168281,19132.0,,,MennanderCF,both
604,Q1351994,MesseniusJ,19146.0,,https://sv.wikipedia.org/wiki/Johannes_Messenius,Q1351994,19146.0,,,MesseniusJ,both
605,Q4967157,MeyersonG,9335.0,GerdaMeyerson,https://sv.wikipedia.org/wiki/Gerda_Meyerson,Q4967157,9335.0,GerdaMeyerson,,MeyersonG,both
606,Q5987926,MillqvistV,9359.0,,https://sv.wikipedia.org/wiki/Viktor_Millqvist,Q5987926,9359.0,,,MillqvistV,both
607,Q2824743,ModeerA,9392.0,,https://sv.wikipedia.org/wiki/Adolph_Mod%C3%A9er,Q2824743,9392.0,,,ModeerA,both
608,Q16323592,ModéeRG,9390.0,,https://sv.wikipedia.org/wiki/Reinhold_Gustaf_Mod%C3%A9e,Q16323592,9390.0,,,ModéeRG,both
609,Q5990904,MolanderH,9411.0,,https://sv.wikipedia.org/wiki/Harald_Molander_(teaterman),Q5990904,9411.0,,Harald_Molander,MolanderH,both
610,Q322335,MolinL,9430.0,,https://sv.wikipedia.org/wiki/Lasse-Maja,Q322335,9430.0,,,MolinL,both
611,Q453794,MolinP,9431.0,,https://sv.wikipedia.org/wiki/Pelle_Molin,Q453794,9431.0,,,MolinP,both
612,Q6001547,MornerCG,8709.0,,https://sv.wikipedia.org/wiki/Carl_M%C3%B6rner_(1658%E2%80%931721),Q6001547,8709.0,,,MornerCG,both
613,Q6155155,MortensenJ,9517.0,,https://sv.wikipedia.org/wiki/Johan_Mortensen,Q6155155,9517.0,,,MortensenJ,both
614,Q42899214,MorénT,9499.0,,https://sv.wikipedia.org/wiki/Thorbj%C3%B6rn_Mor%C3%A9n,Q42899214,9499.0,,,MorénT,both
615,Q1657363,MouradgeaDOhssonI,9527.0,,https://sv.wikipedia.org/wiki/Ignatius_Mouradgea_d%27Ohsson,Q1657363,9527.0,,,MouradgeaDOhssonI,both
616,Q41580,MuntheA,8548.0,,https://sv.wikipedia.org/wiki/Axel_Munthe,Q41580,8548.0,,,MuntheA,both
617,Q5997574,MurbergJ,8572.0,,https://sv.wikipedia.org/wiki/Johan_Murberg,Q5997574,8572.0,,,MurbergJ,both
618,Q2913934,MurrayG,8579.0,,https://sv.wikipedia.org/wiki/Gustaf_Murray,Q2913934,8579.0,,,MurrayG,both
619,Q2254365,MånssonF,8630.0,,https://sv.wikipedia.org/wiki/Fabian_M%C3%A5nsson,Q2254365,8630.0,,,MånssonF,both
620,Q1663076,MånssonP,8088.0,,https://sv.wikipedia.org/wiki/Peder_M%C3%A5nsson,Q1663076,8088.0,,,MånssonP,both
621,Q6000859,MöllerA,8655.0,,https://sv.wikipedia.org/wiki/Artur_M%C3%B6ller,Q6000859,8655.0,,,MöllerA,both
622,Q6001036,MöllerJohan,8669.0,,https://sv.wikipedia.org/wiki/Johan_M%C3%B6ller,Q6001036,8669.0,,,MöllerJohan,both
623,Q6001218,MöllerP,8678.0,,https://sv.wikipedia.org/wiki/Peter_von_M%C3%B6ller,Q6001218,8678.0,,,MöllerP,both
624,Q6001375,MörkJH,8695.0,,https://sv.wikipedia.org/wiki/Jacob_Henrik_M%C3%B6rk,Q6001375,8695.0,,,MörkJH,both
625,Q865168,MörnerB,8704.0,,https://sv.wikipedia.org/wiki/Birger_M%C3%B6rner,Q865168,8704.0,,Birger_Mörner,MörnerB,both
626,Q16649926,MüllerD,8596.0,,https://sv.wikipedia.org/wiki/Daniel_M%C3%BCller,Q16649926,8596.0,,,MüllerD,both
627,Q4969069,NeanderE,8818.0,EvaLydiaCarolinaNeander,https://sv.wikipedia.org/wiki/Eva_Neander,Q4969069,8818.0,EvaLydiaCarolinaNeander,,NeanderE,both
628,Q6156422,NermanG,8842.0,,https://sv.wikipedia.org/wiki/Gustaf_Nerman,Q6156422,8842.0,,,NermanG,both
629,Q538109,NermanT,8846.0,,https://sv.wikipedia.org/wiki/Ture_Nerman,Q538109,8846.0,,Ture_Nerman,NermanT,both
630,Q267959,NicanderKA,8873.0,,https://sv.wikipedia.org/wiki/Karl_August_Nicander,Q267959,8873.0,,Karl_August_Nicander,NicanderKA,both
631,Q6009495,NilssonA,8932.0,,https://sv.wikipedia.org/wiki/Albert_Nilsson,Q6009495,8932.0,,,NilssonA,both
632,Q225850,NilssonS,8098.0,,https://sv.wikipedia.org/wiki/Sven_Nilsson_(naturforskare),Q225850,8098.0,,,NilssonS,both
633,Q10608167,NiureniusOP,8140.0,,https://sv.wikipedia.org/wiki/Olaus_Petri_Niurenius,Q10608167,8140.0,,,NiureniusOP,both
634,Q6013913,NorbergS,8178.0,,https://sv.wikipedia.org/wiki/Samuel_Norberg,Q6013913,8178.0,,,NorbergS,both
635,Q737301,NordbergJA,8188.0,,https://sv.wikipedia.org/wiki/J%C3%B6ran_Nordberg,Q737301,8188.0,,,NordbergJA,both
636,Q6014555,NordencrantzA,8203.0,,https://sv.wikipedia.org/wiki/Anders_Nordencrantz,Q6014555,8203.0,,,NordencrantzA,both
637,Q450744,NordenflychtHC,8227.0,HedvigCharlottaNordenflycht,https://sv.wikipedia.org/wiki/Hedvig_Charlotta_Nordenflycht,Q450744,8227.0,HedvigCharlottaNordenflycht,Hedvig_Charlotta_Nordenflycht,NordenflychtHC,both
638,Q156749,NordenskiöldAE,8231.0,,https://sv.wikipedia.org/wiki/Adolf_Erik_Nordenski%C3%B6ld,Q156749,8231.0,,,NordenskiöldAE,both
639,Q6014711,NordenskiöldCF,8234.0,,https://sv.wikipedia.org/wiki/Carl_Fredric_Nordenski%C3%B6ld_den_yngre,Q6014711,8234.0,,,NordenskiöldCF,both
640,Q1505512,NordensvanG,8271.0,,https://sv.wikipedia.org/wiki/Georg_Nordensvan,Q1505512,8271.0,,,NordensvanG,both
641,Q6014967,NordforssCG,8278.0,,https://sv.wikipedia.org/wiki/Carl_Gustaf_Nordforss,Q6014967,8278.0,,,NordforssCG,both
642,Q6014975,NordforssEU,8279.0,,https://sv.wikipedia.org/wiki/Erik_Ulrik_Nordforss,Q6014975,8279.0,,,NordforssEU,both
643,Q4993033,NordinC,8291.0,,https://sv.wikipedia.org/wiki/Carl_Gustaf_Nordin,Q4993033,8291.0,,,NordinC,both
644,Q16650019,NordinJG,8298.0,,https://sv.wikipedia.org/wiki/Johan_Gabriel_Nordin,Q16650019,8298.0,,,NordinJG,both
645,Q16650021,NordlanderJ,8302.0,,https://sv.wikipedia.org/wiki/Johan_Nordlander,Q16650021,8302.0,,,NordlanderJ,both
646,Q38420390,NordstromAJ,8323.0,,https://sv.wikipedia.org/wiki/Anders_Nordstr%C3%B6m_(boktryckare),Q38420390,8323.0,,,NordstromAJ,both
647,Q4970156,NordströmEB,8325.0,EsterBlendaNordstrom,https://sv.wikipedia.org/wiki/Ester_Blenda_Nordstr%C3%B6m,Q4970156,8325.0,EsterBlendaNordstrom,,NordströmEB,both
648,Q6016170,NordströmJ,8330.0,,https://sv.wikipedia.org/wiki/Johan_Nordstr%C3%B6m,Q6016170,8330.0,,,NordströmJ,both
649,Q6016229,NordströmL,8333.0,,https://sv.wikipedia.org/wiki/Ludvig_Nordstr%C3%B6m,Q6016229,8333.0,,,NordströmL,both
650,Q2653181,NoreenA,8342.0,,https://sv.wikipedia.org/wiki/Adolf_Noreen,Q2653181,8342.0,,,NoreenA,both
651,Q6016392,NoreenE,8343.0,,https://sv.wikipedia.org/wiki/Erik_Noreen,Q6016392,8343.0,,,NoreenE,both
652,Q441950,NybergJC,8432.0,JuliaNybergEuphrosyne,https://sv.wikipedia.org/wiki/Julia_Nyberg,Q441950,8432.0,JuliaNybergEuphrosyne,,NybergJC,both
653,Q6019298,NyblomCR,8443.0,,https://sv.wikipedia.org/wiki/Carl_Rupert_Nyblom,Q6019298,8443.0,,Carl_Rupert_Nyblom,NyblomCR,both
654,Q4970525,NyblomH,8447.0,HelenaAugustaNyblom,https://sv.wikipedia.org/wiki/Helena_Nyblom,Q4970525,8447.0,HelenaAugustaNyblom,,NyblomH,both
655,Q15956417,NyblæusG,8438.0,,https://sv.wikipedia.org/wiki/Gustaf_Nybl%C3%A6us_(1816%E2%80%931902),Q15956417,8438.0,,,NyblæusG,both
656,Q6019368,NybomJ,8452.0,,https://sv.wikipedia.org/wiki/Johan_Nybom,Q6019368,8452.0,,,NybomJ,both
657,Q40892992,NycanderF,8457.0,,https://sv.wikipedia.org/wiki/Fredrik_Nycander,Q40892992,8457.0,,,NycanderF,both
658,Q15992226,NyrénC,8493.0,,https://sv.wikipedia.org/wiki/Carl_Nyr%C3%A9n_(pr%C3%A4st),Q15992226,8493.0,,,NyrénC,both
659,Q3100592,NyströmJ,8514.0,JennyNystrom,https://sv.wikipedia.org/wiki/Jenny_Nystr%C3%B6m,Q3100592,8514.0,JennyNystrom,,NyströmJ,both
660,Q6022222,OdelA,7599.0,,https://sv.wikipedia.org/wiki/Anders_Odel,Q6022222,7599.0,,,OdelA,both
661,Q6022523,OdheliusJL,7641.0,,https://sv.wikipedia.org/wiki/Johan_Lorentz_Odhelius,Q6022523,7641.0,,,OdheliusJL,both
662,Q6022965,OfvandahlE,7661.0,,https://sv.wikipedia.org/wiki/Erik_Ofvandahl,Q6022965,7661.0,,,OfvandahlE,both
663,Q16158918,OlaiA,18857.0,,https://sv.wikipedia.org/wiki/Arvidus_Olai_Scheningensis,Q16158918,18857.0,,,OlaiA,both
664,Q4970887,OlanderV,7676.0,ValborgOlander,https://sv.wikipedia.org/wiki/Valborg_Olander,Q4970887,7676.0,ValborgOlander,,OlanderV,both
665,Q315804,OlausMagnus,7681.0,,https://sv.wikipedia.org/wiki/Olaus_Magnus,Q315804,7681.0,,,OlausMagnus,both
666,Q3881468,OlausMartini,7682.0,,https://sv.wikipedia.org/wiki/Olaus_Martini,Q3881468,7682.0,,,OlausMartini,both
667,Q381010,OlausPetri,7688.0,,https://sv.wikipedia.org/wiki/Olaus_Petri,Q381010,7688.0,,,OlausPetri,both
668,Q42308707,OlofssonK,7754.0,,https://sv.wikipedia.org/wiki/Klas_Olofsson_(poet),Q42308707,7754.0,,,OlofssonK,both
669,Q6026223,OlsonE,7761.0,,https://sv.wikipedia.org/wiki/Emil_Olson,Q6026223,7761.0,,,OlsonE,both
670,Q6027107,OlssonJO,7780.0,,https://sv.wikipedia.org/wiki/Jan_Olof_Olsson,Q6027107,7780.0,,,OlssonJO,both
671,Q5589080,OlssonJohannes,7782.0,,https://sv.wikipedia.org/wiki/Br%C3%A5nasmeden,Q5589080,7782.0,,,OlssonJohannes,both
672,Q52924,OskarII,7812.0,,https://sv.wikipedia.org/wiki/Oscar_II,Q52924,7812.0,,,OskarII,both
673,Q6030611,OswaldG,7840.0,,https://sv.wikipedia.org/wiki/G%C3%B6sta_Oswald,Q6030611,7840.0,,,OswaldG,both
674,Q4971468,OterdahlJ,7843.0,JeannaOterdahl,https://sv.wikipedia.org/wiki/Jeanna_Oterdahl,Q4971468,7843.0,JeannaOterdahl,,OterdahlJ,both
675,Q1613210,OxenstiernaJG,7919.0,,https://sv.wikipedia.org/wiki/Johan_Gabriel_Oxenstierna,Q1613210,7919.0,,Johan_Gabriel_Oxenstierna,OxenstiernaJG,both
676,Q763359,PalmA,7956.0,,https://sv.wikipedia.org/wiki/August_Palm,Q763359,7956.0,,,PalmA,both
677,Q16650117,PalmaJG,7965.0,,https://sv.wikipedia.org/wiki/Jonas_Palma,Q16650117,7965.0,,,PalmaJG,both
678,Q3302927,PalmbladVF,7969.0,,https://sv.wikipedia.org/wiki/Vilhelm_Fredrik_Palmblad,Q3302927,7969.0,,Vilhelm_Fredrik_Palmblad,PalmbladVF,both
679,Q6184812,PalmcronA,7972.0,,https://sv.wikipedia.org/wiki/Andreas_Sparman,Q6184812,7972.0,,,PalmcronA,both
680,Q6033352,PalmærHB,7966.0,,https://sv.wikipedia.org/wiki/Henrik_Bernhard_Palm%C3%A6r,Q6033352,7966.0,,,PalmærHB,both
681,Q6037928,PaulsonJ,8073.0,,https://sv.wikipedia.org/wiki/Johannes_Paulson,Q6037928,8073.0,,,PaulsonJ,both
682,Q932770,PaykullG,8079.0,,https://sv.wikipedia.org/wiki/Gustaf_von_Paykull,Q932770,8079.0,,,PaykullG,both
683,Q6197559,PederSwart,8083.0,,https://sv.wikipedia.org/wiki/Peder_Swart,Q6197559,8083.0,,,PederSwart,both
684,Q3481543,PeringskiöldJ,7086.0,,https://sv.wikipedia.org/wiki/Johan_Peringski%C3%B6ld,Q3481543,7086.0,,,PeringskiöldJ,both
685,Q38186478,PetersonGR,7138.0,,,Q38186478,7138.0,,,PetersonGR,both
686,Q4972683,PetriniG,7193.0,GulliPetrini,https://sv.wikipedia.org/wiki/Gulli_Petrini,Q4972683,7193.0,GulliPetrini,,PetriniG,both
687,Q6048288,PhilipsonLM,7265.0,,https://sv.wikipedia.org/wiki/Lorens_M%C3%BCnter_Philipson,Q6048288,7265.0,,,PhilipsonLM,both
688,Q333651,PorthanHG,7354.0,,https://sv.wikipedia.org/wiki/Henrik_Gabriel_Porthan,Q333651,7354.0,,,PorthanHG,both
689,Q6320543,QuennerstedtA,7440.0,,https://sv.wikipedia.org/wiki/August_Quennerstedt,Q6320543,7440.0,,,QuennerstedtA,both
690,Q3877027,RagvaldssonN,8883.0,,https://sv.wikipedia.org/wiki/Nils_Ragvaldsson,Q3877027,8883.0,,,RagvaldssonN,both
691,Q517853,ReenstiernaMH,7571.0,MartaHelenaReenstiernaArstafrun,https://sv.wikipedia.org/wiki/M%C3%A4rta_Helena_Reenstierna,Q517853,7571.0,MartaHelenaReenstiernaArstafrun,,ReenstiernaMH,both
692,Q6066281,RegisJ,7573.0,,https://sv.wikipedia.org/wiki/Julius_Regis,Q6066281,7573.0,,,RegisJ,both
693,Q6066366,RegnérG,7575.0,,https://sv.wikipedia.org/wiki/Gustaf_Regn%C3%A9r,Q6066366,7575.0,,Gustaf_Regnér,RegnérG,both
694,Q1685510,RehnJE,7577.0,,https://sv.wikipedia.org/wiki/Jean_Eric_Rehn,Q1685510,7577.0,,,RehnJE,both
695,Q434380,RehnskoldCG,7579.0,,https://sv.wikipedia.org/wiki/Carl_Gustaf_Rehnski%C3%B6ld,Q434380,7579.0,,,RehnskoldCG,both
696,Q16650190,RenhornOB,7587.0,,https://sv.wikipedia.org/wiki/Olof_Bidenius_Renhorn,Q16650190,7587.0,,,RenhornOB,both
697,Q491077,RetziusAJ,6599.0,,https://sv.wikipedia.org/wiki/Anders_Jahan_Retzius,Q491077,6599.0,,,RetziusAJ,both
698,Q1348997,ReuterdahlH,6604.0,,https://sv.wikipedia.org/wiki/Henrik_Reuterdahl,Q1348997,6604.0,,,ReuterdahlH,both
699,Q357495,ReuterholmGA,6608.0,,https://sv.wikipedia.org/wiki/Gustaf_Adolf_Reuterholm,Q357495,6608.0,,,ReuterholmGA,both
700,Q6069858,RhyzeliusAO,6655.0,,https://sv.wikipedia.org/wiki/Andreas_Olavi_Rhyzelius,Q6069858,6655.0,,,RhyzeliusAO,both
701,Q6071609,RidderstadCF,6743.0,,https://sv.wikipedia.org/wiki/Carl_Fredrik_Ridderstad,Q6071609,6743.0,,,RidderstadCF,both
702,Q6072211,RietzJE,6753.0,,https://sv.wikipedia.org/wiki/Ernst_Rietz,Q6072211,6753.0,,,RietzJE,both
703,Q13563726,RisbergE,6772.0,EmilieCharlottaRisberg,https://sv.wikipedia.org/wiki/Emilie_Risberg,Q13563726,6772.0,EmilieCharlottaRisberg,,RisbergE,both
704,Q6073623,RistellAF,6776.0,,https://sv.wikipedia.org/wiki/Adolf_Fredrik_Ristell,Q6073623,6776.0,,Adolf_Fredrik_Ristell,RistellAF,both
705,Q55071968,RobergL,6779.0,,https://sv.wikipedia.org/wiki/Lars_Roberg,Q55071968,6779.0,,,RobergL,both
706,Q349352,RomanJH,6817.0,,https://sv.wikipedia.org/wiki/Johan_Helmich_Roman,Q349352,6817.0,,,RomanJH,both
707,Q4975368,RoosAM,6831.0,AnnaMariaRoos,https://sv.wikipedia.org/wiki/Anna_Maria_Roos,Q4975368,6831.0,AnnaMariaRoos,,RoosAM,both
708,Q4975387,RoosM,6846.0,MathildaRoos,https://sv.wikipedia.org/wiki/Mathilda_Roos,Q4975387,6846.0,MathildaRoos,,RoosM,both
709,Q6220177,RosenadlerJ,6895.0,,https://sv.wikipedia.org/wiki/Johan_Upmarck_Rosenadler,Q6220177,6895.0,,,RosenadlerJ,both
710,Q6079896,RosenhaneSdy,6934.0,,https://sv.wikipedia.org/wiki/Schering_Rosenhane_(1754%E2%80%931812),Q6079896,6934.0,,,RosenhaneSdy,both
711,Q636426,RoseniusCO,6935.0,,https://sv.wikipedia.org/wiki/Carl_Olof_Rosenius,Q636426,6935.0,,,RoseniusCO,both
712,Q6080164,RosensteinN,6944.0,,https://sv.wikipedia.org/wiki/Nils_von_Rosenstein,Q6080164,6944.0,,,RosensteinN,both
713,Q924540,RothmanG,6956.0,,https://sv.wikipedia.org/wiki/G%C3%B6ran_Rothman,Q924540,6956.0,,,RothmanG,both
714,Q740096,RudbeckOyngre,6985.0,,https://sv.wikipedia.org/wiki/Olof_Rudbeck_den_yngre,Q740096,6985.0,,,RudbeckOyngre,both
715,Q350198,RudbeckOäldre,6987.0,,https://sv.wikipedia.org/wiki/Olof_Rudbeck_den_%C3%A4ldre,Q350198,6987.0,,,RudbeckOäldre,both
716,Q6082642,RudeenT,7013.0,,https://sv.wikipedia.org/wiki/Torsten_Rudeen,Q6082642,7013.0,,,RudeenT,both
717,Q4975813,RudenschöldM,7015.0,MagdalenaRudenschold,https://sv.wikipedia.org/wiki/Magdalena_Rudensch%C3%B6ld,Q4975813,7015.0,MagdalenaRudenschold,,RudenschöldM,both
718,Q6083087,RuheA,7021.0,,https://sv.wikipedia.org/wiki/Algot_Ruhe,Q6083087,7021.0,,Algot_Ruhe,RuheA,both
719,Q4356127,RuinH,7022.0,,https://sv.wikipedia.org/wiki/Hans_Ruin,Q4356127,7022.0,,,RuinH,both
720,Q1692077,RuniusJ,7039.0,,https://sv.wikipedia.org/wiki/Johan_Runius,Q1692077,7039.0,,,RuniusJ,both
721,Q432129,RydbergV,6269.0,,https://sv.wikipedia.org/wiki/Viktor_Rydberg,Q432129,6269.0,,Viktor_Rydberg,RydbergV,both
722,Q6085718,RydqvistJE,6285.0,,https://sv.wikipedia.org/wiki/Johan_Erik_Rydqvist,Q6085718,6285.0,,,RydqvistJE,both
723,Q4976166,RydstedtA,6287.0,AnnaRydstedt,https://sv.wikipedia.org/wiki/Anna_Rydstedt,Q4976166,6287.0,AnnaRydstedt,,RydstedtA,both
724,Q5125016,RålambC,6296.0,,https://sv.wikipedia.org/wiki/Claes_R%C3%A5lamb_(riksr%C3%A5d),Q5125016,6296.0,,,RålambC,both
725,Q6166560,RålambÅ,6297.0,,https://sv.wikipedia.org/wiki/%C3%85ke_R%C3%A5lamb,Q6166560,6297.0,,,RålambÅ,both
726,Q6088424,SahlgrenJ,6310.0,,https://sv.wikipedia.org/wiki/J%C3%B6ran_Sahlgren,Q6088424,6310.0,,,SahlgrenJ,both
727,Q6088609,SahlstedtA,6317.0,,https://sv.wikipedia.org/wiki/Abraham_Magni_Sahlstedt,Q6088609,6317.0,,,SahlstedtA,both
728,Q6089591,SaljeSE,6324.0,,https://sv.wikipedia.org/wiki/Sven_Edvin_Salje,Q6089591,6324.0,,,SaljeSE,both
729,Q6090225,SalviusL,6329.0,,https://sv.wikipedia.org/wiki/Lars_Salvius,Q6090225,6329.0,,,SalviusL,both
730,Q3301801,SandbergJG,6332.0,,https://sv.wikipedia.org/wiki/Johan_Gustaf_Sandberg,Q3301801,6332.0,,,SandbergJG,both
731,Q4976841,SandelM,6336.0,MariaSandel,https://sv.wikipedia.org/wiki/Maria_Sandel,Q4976841,6336.0,MariaSandel,,SandelM,both
732,Q457339,SandellBergL,18552.0,LinaSandellBerg,https://sv.wikipedia.org/wiki/Lina_Sandell,Q457339,18552.0,LinaSandellBerg,Lina_Sandell,SandellBergL,both
733,Q6092488,SanderF,6343.0,,https://sv.wikipedia.org/wiki/Nils_Fredrik_Sander,Q6092488,6343.0,,,SanderF,both
734,Q6167803,SaxonJL,6360.0,,https://sv.wikipedia.org/wiki/Johan_Lindstr%C3%B6m_Saxon,Q6167803,6360.0,,,SaxonJL,both
735,Q6096693,ScheeleF,6371.0,,https://sv.wikipedia.org/wiki/Frans_von_Sch%C3%A9ele,Q6096693,6371.0,,,ScheeleF,both
736,Q1698324,SchefferusJ,6376.0,,https://sv.wikipedia.org/wiki/Johannes_Schefferus,Q1698324,6376.0,,,SchefferusJ,both
737,Q964243,ScheutzG,6378.0,,https://sv.wikipedia.org/wiki/Georg_Scheutz,Q964243,6378.0,,Per_Georg_Scheutz,ScheutzG,both
738,Q330061,ScholanderFW,6393.0,,https://sv.wikipedia.org/wiki/Fredrik_Wilhelm_Scholander,Q330061,6393.0,,,ScholanderFW,both
739,Q6169057,SchotteA,6394.0,,https://sv.wikipedia.org/wiki/Axel_Schotte,Q6169057,6394.0,,,SchotteA,both
740,Q26239729,SchroderusEB,6397.0,,https://sv.wikipedia.org/wiki/Ericus_Benedicti_Schroderus,Q26239729,6397.0,,Ericus_Benedicti_Schroderus,SchroderusEB,both
741,Q6169329,SchröderG,6402.0,,https://sv.wikipedia.org/wiki/Gustaf_Schr%C3%B6der,Q6169329,6402.0,,,SchröderG,both
742,Q6169365,SchröderJH,6404.0,,https://sv.wikipedia.org/wiki/Johan_Henrik_Schr%C3%B6der,Q6169365,6404.0,,,SchröderJH,both
743,Q6169392,SchröderheimE,6405.0,,https://sv.wikipedia.org/wiki/Elis_Schr%C3%B6derheim,Q6169392,6405.0,,,SchröderheimE,both
744,Q38156704,SchultzJG,6408.0,,,Q38156704,6408.0,,,SchultzJG,both
745,Q6170263,SchwerinFB,6416.0,,https://sv.wikipedia.org/wiki/Fredrik_Bogislaus_von_Schwerin,Q6170263,6416.0,,,SchwerinFB,both
746,Q6170542,SchöldströmB,6423.0,,https://sv.wikipedia.org/wiki/Birger_Sch%C3%B6ldstr%C3%B6m,Q6170542,6423.0,,,SchöldströmB,both
747,Q6170614,SchönbergA,6424.0,,https://sv.wikipedia.org/wiki/Anders_Sch%C3%B6nberg_den_yngre,Q6170614,6424.0,,,SchönbergA,both
748,Q1926407,SchückH,6418.0,,https://sv.wikipedia.org/wiki/Henrik_Sch%C3%BCck,Q1926407,6418.0,,,SchückH,both
749,Q525099,SegerstedtT,6431.0,,https://sv.wikipedia.org/wiki/Torgny_T:son_Segerstedt,Q525099,6431.0,,,SegerstedtT,both
750,Q333112,SehlstedtE,5852.0,,https://sv.wikipedia.org/wiki/Elias_Sehlstedt,Q333112,5852.0,,,SehlstedtE,both
751,Q924618,SergelJT,5865.0,,https://sv.wikipedia.org/wiki/Johan_Tobias_Sergel,Q924618,5865.0,,,SergelJT,both
752,Q439249,SernerG,5867.0,,https://sv.wikipedia.org/wiki/Frank_Heller,Q439249,5867.0,,,SernerG,both
753,Q6176235,SilfverstolpeGA,5940.0,,https://sv.wikipedia.org/wiki/Gustaf_Abraham_Silverstolpe,Q6176235,5940.0,,,SilfverstolpeGA,both
754,Q1554766,SilfverstolpeGM,5929.0,,https://sv.wikipedia.org/wiki/Gunnar_Mascoll_Silfverstolpe,Q1554766,5929.0,,,SilfverstolpeGM,both
755,Q546949,SilfverstolpeM,9478.0,MallaSilfverstolpe,https://sv.wikipedia.org/wiki/Malla_Silfverstolpe,Q546949,9478.0,MallaSilfverstolpe,,SilfverstolpeM,both
756,Q6175996,SiljeströmPA,5945.0,,https://sv.wikipedia.org/wiki/Per_Siljestr%C3%B6m,Q6175996,5945.0,,,SiljeströmPA,both
757,Q6176220,SilverstolpeAG,5932.0,,https://sv.wikipedia.org/wiki/Axel_Gabriel_Silfverstolpe,Q6176220,5932.0,,,SilverstolpeAG,both
758,Q331173,SiwertzS,5956.0,,https://sv.wikipedia.org/wiki/Sigfrid_Siwertz,Q331173,5956.0,,,SiwertzS,both
759,Q728263,SjöbergB,5974.0,,https://sv.wikipedia.org/wiki/Birger_Sj%C3%B6berg,Q728263,5974.0,,,SjöbergB,both
760,Q3436472,SjöbergE,5975.0,,https://sv.wikipedia.org/wiki/Erik_Sj%C3%B6berg,Q3436472,5975.0,,,SjöbergE,both
761,Q6178273,SjöborgNH,5982.0,,https://sv.wikipedia.org/wiki/Nils_Henrik_Sj%C3%B6borg,Q6178273,5982.0,,,SjöborgNH,both
762,Q6178442,SjögrenA,5987.0,,https://sv.wikipedia.org/wiki/Arthur_Sj%C3%B6gren,Q6178442,5987.0,,,SjögrenA,both
763,Q6179862,SkjöldebrandE,6017.0,,https://sv.wikipedia.org/wiki/Eric_Skj%C3%B6ldebrand,Q6179862,6017.0,,,SkjöldebrandE,both
764,Q2661641,SkytteJ,6037.0,,https://sv.wikipedia.org/wiki/Johan_Skytte,Q2661641,6037.0,,,SkytteJ,both
765,Q1040670,SnoilskyC,6093.0,,https://sv.wikipedia.org/wiki/Carl_Snoilsky,Q1040670,6093.0,,,SnoilskyC,both
766,Q16650368,SotbergE,6157.0,,https://sv.wikipedia.org/wiki/Erik_af_Sotberg,Q16650368,6157.0,,,SotbergE,both
767,Q4120854,SparreA,6164.0,,https://sv.wikipedia.org/wiki/Axel_Sparre,Q4120854,6164.0,,,SparreA,both
768,Q433984,SparrmanA,20001.0,,https://sv.wikipedia.org/wiki/Anders_Sparrman,Q433984,20001.0,,,SparrmanA,both
769,Q370216,SpegelH,20004.0,,https://sv.wikipedia.org/wiki/Haquin_Spegel,Q370216,20004.0,,,SpegelH,both
770,Q4411177,SprengtportenJM,20012.0,,https://sv.wikipedia.org/wiki/Jacob_Magnus_Sprengtporten,Q4411177,20012.0,,,SprengtportenJM,both
771,Q6185927,SprengtportenJW,20014.0,,https://sv.wikipedia.org/wiki/Jakob_Wilhelm_Sprengtporten,Q6185927,20014.0,,,SprengtportenJW,both
772,Q53292,StaaffK,20022.0,,https://sv.wikipedia.org/wiki/Karl_Staaff,Q53292,20022.0,,,StaaffK,both
773,Q6186410,StackelbergO,20024.0,,https://sv.wikipedia.org/wiki/Oscar_Stackelberg,Q6186410,20024.0,,,StackelbergO,both
774,Q1354012,StagneliusEJ,20033.0,,https://sv.wikipedia.org/wiki/Erik_Johan_Stagnelius,Q1354012,20033.0,,,StagneliusEJ,both
775,Q6194410,StalhammarJ,34663.0,,https://sv.wikipedia.org/wiki/Jon_St%C3%A5lhammar,Q6194410,34663.0,,,StalhammarJ,both
776,Q6187212,StarbäckCG,20035.0,,https://sv.wikipedia.org/wiki/Georg_Starb%C3%A4ck,Q6187212,20035.0,,,StarbäckCG,both
777,Q777375,StaëlvonHolsteinEM,20029.0,,https://sv.wikipedia.org/wiki/Erik_Magnus_Sta%C3%ABl_von_Holstein,Q777375,20029.0,,,StaëlvonHolsteinEM,both
778,Q449530,StenbockM,20072.0,,https://sv.wikipedia.org/wiki/Magnus_Stenbock,Q449530,20072.0,,,StenbockM,both
779,Q6189421,StenströmW,20147.0,,https://sv.wikipedia.org/wiki/Walter_Stenstr%C3%B6m,Q6189421,20147.0,,,StenströmW,both
780,Q3353704,StephensG,20150.0,,https://sv.wikipedia.org/wiki/George_Stephens_(filolog),Q3353704,20150.0,,,StephensG,both
781,Q514315,StiernhielmG,20162.0,,https://sv.wikipedia.org/wiki/Georg_Stiernhielm,Q514315,20162.0,,,StiernhielmG,both
782,Q6190332,StiernhöökJO,20163.0,,https://sv.wikipedia.org/wiki/Johan_Stiernh%C3%B6%C3%B6k,Q6190332,20163.0,,,StiernhöökJO,both
783,Q3739678,StiernmanAA,20164.0,,https://sv.wikipedia.org/wiki/Anders_Anton_von_Stiernman,Q3739678,20164.0,,,StiernmanAA,both
784,Q6190360,StiernstedtAW,20167.0,,https://sv.wikipedia.org/wiki/August_Wilhelm_Stiernstedt,Q6190360,20167.0,,,StiernstedtAW,both
785,Q4980514,StiernstedtM,20168.0,MarikaStiernstedt,https://sv.wikipedia.org/wiki/Marika_Stiernstedt,Q4980514,20168.0,MarikaStiernstedt,,StiernstedtM,both
786,Q6190492,StilleA,20265.0,,https://sv.wikipedia.org/wiki/Arthur_Stille,Q6190492,20265.0,,,StilleA,both
787,Q4684135,StjerneldAL,20161.0,,https://sv.wikipedia.org/wiki/Adolf_Ludvig_Stierneld,Q4684135,20161.0,,,StjerneldAL,both
788,Q6190801,StobæusK,20281.0,,https://sv.wikipedia.org/wiki/Kilian_Stob%C3%A6us_den_yngre,Q6190801,20281.0,,,StobæusK,both
789,Q327853,StrandbergCVA,20337.0,,https://sv.wikipedia.org/wiki/C.V.A._Strandberg,Q327853,20337.0,,Carl_Vilhelm_August_Strandberg,StrandbergCVA,both
790,Q19976100,StridsbergC,34537.0,,https://sv.wikipedia.org/wiki/Carl_Stridsberg,Q19976100,34537.0,,,StridsbergC,both
791,Q7724,StrindbergA,34518.0,,https://sv.wikipedia.org/wiki/August_Strindberg,Q7724,34518.0,,August_Strindberg,StrindbergA,both
792,Q4444020,StrinnholmAM,34549.0,,https://sv.wikipedia.org/wiki/Anders_Magnus_Strinnholm,Q4444020,34549.0,,,StrinnholmAM,both
793,Q1346525,StrombergN,34552.0,,https://sv.wikipedia.org/wiki/Nils_Stromberg,Q1346525,34552.0,,,StrombergN,both
794,Q4980866,StrussenfeltU,34554.0,UlrikaSophiavonStrussenfelt,https://sv.wikipedia.org/wiki/Ulrika_von_Strussenfelt,Q4980866,34554.0,UlrikaSophiavonStrussenfelt,Ulrika_von_Strussenfelt,StrussenfeltU,both
795,Q6192949,StråleGH,34557.0,,https://sv.wikipedia.org/wiki/Holdo_Str%C3%A5le_af_Ekna,Q6192949,34557.0,,,StråleGH,both
796,Q1253889,StrömF,34560.0,,https://sv.wikipedia.org/wiki/Fredrik_Str%C3%B6m,Q1253889,34560.0,,,StrömF,both
797,Q6193505,StrömerM,34601.0,,https://sv.wikipedia.org/wiki/M%C3%A5rten_Str%C3%B6mer,Q6193505,34601.0,,,StrömerM,both
798,Q4993043,Sturzen-BeckerOP,34649.0,,https://sv.wikipedia.org/wiki/Oscar_Patric_Sturzen-Becker,Q4993043,34649.0,,,Sturzen-BeckerOP,both
799,Q6194026,StyffeCG,34651.0,,https://sv.wikipedia.org/wiki/Carl_Gustaf_Styffe,Q6194026,34651.0,,,StyffeCG,both
800,Q2487226,StåhleCI,34656.0,,https://sv.wikipedia.org/wiki/Carl_Ivar_St%C3%A5hle,Q2487226,34656.0,,,StåhleCI,both
801,Q4981102,StålbergW,34660.0,CarolinaWilhelminaStahlberg,https://sv.wikipedia.org/wiki/Wilhelmina_St%C3%A5lberg,Q4981102,34660.0,CarolinaWilhelminaStahlberg,Wilhelmina_Stålberg,StålbergW,both
802,Q4980157,StéenhoffF,20046.0,FridaSteenhoff,https://sv.wikipedia.org/wiki/Frida_St%C3%A9enhoff,Q4980157,20046.0,FridaSteenhoff,,StéenhoffF,both
803,Q728197,SundmanPO,34724.0,,https://sv.wikipedia.org/wiki/Per_Olof_Sundman,Q728197,34724.0,,,SundmanPO,both
804,Q6195917,SundénDA,34715.0,,https://sv.wikipedia.org/wiki/Daniel_Anton_Sund%C3%A9n,Q6195917,34715.0,,,SundénDA,both
805,Q2293455,SvebiliusO,34819.0,,https://sv.wikipedia.org/wiki/Olof_Svebilius,Q2293455,34819.0,,,SvebiliusO,both
806,Q6197780,SvedeliusWE,34837.0,,https://sv.wikipedia.org/wiki/Wilhelm_Erik_Svedelius,Q6197780,34837.0,,,SvedeliusWE,both
807,Q748553,SwedbergJ,34820.0,,https://sv.wikipedia.org/wiki/Jesper_Swedberg,Q748553,34820.0,,,SwedbergJ,both
808,Q185832,SwedenborgE,34840.0,,https://sv.wikipedia.org/wiki/Emanuel_Swedenborg,Q185832,34840.0,,,SwedenborgE,both
809,Q22110411,SwederusG,34844.0,,https://sv.wikipedia.org/wiki/Georg_Swederus,Q22110411,34844.0,,,SwederusG,both
810,Q23989269,WinterR,15352.0,,https://sv.wikipedia.org/wiki/Reinhold_Ericson,Q23989269,15352.0,,,WinterR,both
